Textbox16,ACTUAL_SHIP_DATE_TIME,warehouse,SHIPPING_LOAD_NUM,CUSTOMER,store,ERP_order,AISLE,PARENT_CONTAINER_ID,item,ITEM_DESC,coef,pck,pcs,total_piece,total_kg,LOT
1,24-Jul-26,GBG,1483596,48438,TMI,AM07057859570,13,00004000000053164412,0000000166687_1,MARINA UV WHT HBL HEALTHYNGLOW 460ML,12,0,4,4,0,12052029
2,24-Jul-26,GBG,1483596,48438,TMI,CR07057882608,11,00004000000053111461,0000000002630_1,ROYALE BLACK VELVET HIJAB REF 600ML_1C12P,12,0,1,1,0,12062028
3,24-Jul-26,GBG,1483596,48438,TMI,CR07057882608,12,00004000000053111485,0000000050811_1,NYU HAIR COL 2.00 HENNA SH NAT BLACK_1C4P,4,0,2,2,0,12042028
4,24-Jul-26,GBG,1483596,48438,TMI,CR07057882608,25,00004000000053111799,0000000052448_1,CHIL GO 1 VANILA 660G_1C12P,12,0,1,1,0,28112027
5,24-Jul-26,GBG,1483596,48438,TMI,CR07057882608,02,00004000000053111294,0000000056163_1,HANSAPLAST KAIN ELASTIS FUN 10S_1B30P,180,0,1,1,0,03032029
6,24-Jul-26,GBG,1483596,48438,TMI,CR07057882608,03,00004000000053111317,0000000062519_1,FRES N NAT FRG MIST DESSERT PINK CUPCAKE 100_1C24P,24,0,2,2,0,06072029
7,24-Jul-26,GBG,1483596,48438,TMI,CR07057882608,01,00004000000053111270,0000000064442_1,CAMEL MILD INTENSE BLUE 16S_YM,600,0,5,5,0,01062027
8,24-Jul-26,GBG,1483596,48438,TMI,CR07057882608,03,00004000000053111317,0000000083397_1,CIPTADENT PG FRESHMINT 225GR 1C24,24,0,4,4,0,12072029
9,24-Jul-26,GBG,1483596,48438,TMI,CR07057882608,32,00004000000053112031,0000000092315_1,KOPI KENANGAN AVOCUDDLE 220ML_1C24P,24,0,6,6,0,11062027
10,24-Jul-26,GBG,1483596,48438,TMI,CR07057882608,12,00004000000053111485,0000000092569_1,WARDAH MICELLAR WATER PERFECT BRIGHT TONE UP 100ML,28,0,1,1,0,01062029
11,24-Jul-26,GBG,1483596,48438,TMI,CR07057882608,02,00004000000053111294,0000000094837_1,MY BABY TELON LAVENDER 150ML_1B12P_1C48P,48,0,1,1,0,01062028
12,24-Jul-26,GBG,1483596,48438,TMI,CR07057882608,17,00004000000053111584,0000000104050_1,CHUBA CASSAVA CHIPS SAMBAL BALADO 60G_1C30P_YM,30,0,1,1,0,10042027
13,24-Jul-26,GBG,1483596,48438,TMI,CR07057882608,42,00004000000053112178,0000000130958_1,MAMA LIME PP LIME REF 105ML,24,0,2,2,0,12062029
14,24-Jul-26,GBG,1483596,48438,TMI,CR07057882608,22,00004000000053111706,0000000136614_1,BLUE BAND SACHET 200GR_1C60P_21035622,60,0,5,5,0,29042027
15,24-Jul-26,GBG,1483596,48438,TMI,CR07057882608,03,00004000000053111317,0000000136937_1,GATSBY SPLASH COL MUSKY DEEP OCEAN 175ML,8,0,1,1,0,08062029
16,24-Jul-26,GBG,1483596,48438,TMI,CR07057882608,12,00004000000053111485,0000000137018_1,ASEPSO BS 80,144,0,2,2,0,05032029
17,24-Jul-26,GBG,1483596,48438,TMI,CR07057882608,03,00004000000053111317,0000000138724_1,GILLETTE BLUE2 PLUS ISI 2S,240,0,2,2,0,08092029
18,24-Jul-26,GBG,1483596,48438,TMI,CR07057882608,02,00004000000053111294,0000000138976_1,OVALE WHITENING 200,216,0,1,1,0,01052029
19,24-Jul-26,GBG,1483596,48438,TMI,CR07057882608,25,00004000000053111799,0000000143434_1,DELFI TWISTER MINIS VANILA 30_1C6B10P,10,0,1,1,0,14082027
20,24-Jul-26,GBG,1483596,48438,TMI,CR07057882608,16,00004000000053111577,0000000143459_1,NISSIN CRISPY 225G_1C30P,30,0,3,3,0,14072027
21,24-Jul-26,GBG,1483596,48438,TMI,CR07057882608,13,00004000000053111515,0000000143837_1,MITU BABY WIPES FRESH N CLEAN PINK 24S_1C36P_YM,36,0,1,1,0,01062028
22,24-Jul-26,GBG,1483596,48438,TMI,CR07057882608,21,00004000000053111683,0000000145408_1,REGAL MARIE 230_1C24P,24,0,1,1,0,24122027
23,24-Jul-26,GBG,1483596,48438,TMI,CR07057882608,21,00004000000053111683,0000000145412_1,REGAL MARIE 120GR_1C48P,48,0,3,3,0,06112027
24,24-Jul-26,GBG,1483596,48438,TMI,AM07057859570,12,00004000000053164405,0000000207453_1,PIGEON TEENS BRIGHT HEROESMICELLARWATER100ML 1C_24,1,0,4,4,0,01092028
25,24-Jul-26,GBG,1483596,48438,TMI,CR07057882608,16,00004000000053111577,0000000004917_1,JET Z CHOCO FIESTA 65GR_1C30P,30,0,5,5,0,12122026
26,24-Jul-26,GBG,1483596,48438,TMI,CR07057882608,28,00004000000053111904,0000000015592_1,MILKU STROBERI BTL 200ML_1C12P,12,1,0,12,0,08032027
27,24-Jul-26,GBG,1483596,48438,TMI,CR07057882608,14,00004000000053111539,0000000018318_1,GIV BW FLAWLESS WHITE SAKURA R400ML 1C12,12,0,2,2,0,
28,24-Jul-26,GBG,1483596,48438,TMI,CR07057882608,02,00004000000053111294,0000000020957_1,FIESTA MAX DOTTED 3S,1,0,1,1,0,12122030
29,24-Jul-26,GBG,1483596,48438,TMI,CR07057882608,14,00004000000053111553,0000000056587_1,FRES N NAT BW PINK CUPCAKE R400ML 1C12,12,0,1,1,0,22052028
30,24-Jul-26,GBG,1483596,48438,TMI,CR07057882608,02,00004000000053111294,0000000095665_1,OMG FACE WASH PEACH GLOWING 50 GR,56,0,1,1,0,01042029
31,24-Jul-26,GBG,1483596,48438,TMI,CR07057882608,42,00004000000053112178,0000000096757_1,SOFTEX COMFORT NIGHT 36CM 12S 1C24,24,0,4,4,0,19042029
32,24-Jul-26,GBG,1483596,48438,TMI,CR07057882608,03,00004000000053111317,0000000099473_1,LOVILLEA EDP ENCHANTING LILY 100ML_1C24,24,0,1,1,0,01012031
33,24-Jul-26,GBG,1483596,48438,TMI,CR07057882608,17,00004000000053111584,0000000107551_1,TOS TOS TORTILLA NACHO CHEESE 130G_1C20P,20,0,3,3,0,01052027
34,24-Jul-26,GBG,1483596,48438,TMI,CR07057882608,33,00004000000053112055,0000000124163_1,COCA COLA ZERO 390ML_1C12P,12,0,1,1,0,12122026
35,24-Jul-26,GBG,1483596,48438,TMI,CR07057882608,28,00004000000053111904,0000000124498_1,ENAAK KENTAL MANIS POUCH 535G_1C24P,24,0,1,1,0,28022027
36,24-Jul-26,GBG,1483596,48438,TMI,CR07057882608,20,00004000000053111645,0000000128204_1,PROMINA CRUNCHIES CREAMY CHICKEN BROCCOLI 20G_1C24,24,0,1,1,0,12022027
37,24-Jul-26,GBG,1483596,48438,TMI,CR07057882608,18,00004000000053111614,0000000128672_1,LEMONILO BROWNIES CHOCOCHIPS 40G_1C12P,12,0,1,1,0,18062027
38,24-Jul-26,GBG,1483596,48438,TMI,CR07057882608,12,00004000000053111485,0000000133478_1,HIT ELECTRIC MAT CLASSIC 48S _1C72P,72,0,1,1,0,12062029
39,24-Jul-26,GBG,1483596,48438,TMI,CR07057882608,11,00004000000053111461,0000000135921_1,SO KLIN PEWANGI PINK REF 780ML_1C12P,12,0,1,1,0,12062028
40,24-Jul-26,GBG,1483596,48438,TMI,CR07057882608,01,00004000000053111270,0000000138329_1,HAPPYDENT WHITE 14G_1B15P_826991,120,0,11,11,0,12122027
41,24-Jul-26,GBG,1483596,48438,TMI,CR07057882608,13,00004000000053111515,0000000139376_1,MITU BABY WIPES FRESH N CLEAN BLUE 10S BANDED_1C72,144,0,4,4,0,08022028
42,24-Jul-26,GBG,1483596,48438,TMI,CR07057882608,21,00004000000053111669,0000000140896_1,NISSIN WALENS CHOCOLATE SOES 100G _1C30P,30,0,4,4,0,03062027
43,24-Jul-26,GBG,1483596,48438,TMI,CR07057882608,21,00004000000053111669,0000000141000_1,DELFI TWISTER BLACK 70GR_1C20P,20,0,2,2,0,12092027
44,24-Jul-26,GBG,1483596,48438,TMI,CR07057882608,06,00004000000053111379,0000000143683_1,TESSA TRAVEL PACK TP09 3PLY 50S_1C48P,48,0,3,3,0,08072029
45,24-Jul-26,GBG,1483596,48438,TMI,CR07057882608,31,00004000000053111997,0000000145915_1,INDOMILK FULL CREAM 950ML_1C12P,12,1,0,12,0,28032027
46,24-Jul-26,GBG,1483596,48438,TMI,CR07057882608,23,00004000000053111744,0000000146391_1,INDOMILK KID VANILA 115 ML_1C40P,40,0,10,10,0,28032027
47,24-Jul-26,GBG,1483596,48438,TMI,AM07057859570,03,00004000000053164399,0000000143901_1,TOTAL CARE MW 250ML,24,0,3,3,0,01022029
48,24-Jul-26,GBG,1483596,48438,TMI,AM07057859570,03,00004000000053164399,0000000385644_1,MARINA HAIRNBODY MIST HIJAB WNDRFL MANDALIKA 100ML,1,0,4,4,0,01112028
49,24-Jul-26,GBG,1483596,48438,TMI,AM07057859570,13,00004000000053164412,0000000733433_1,MARINA UV WHT HBL EXTRA SPF30 185ML,48,0,4,4,0,01042029
50,24-Jul-26,GBG,1483596,48438,TMI,CR07057882608,24,00004000000053111775,0000000000774_1,MAMASUKA DELISAOS HOTLAVA XTRAPDS 130ML_1C24P,24,0,1,1,0,12092027
51,24-Jul-26,GBG,1483596,48438,TMI,CR07057882608,32,00004000000053112031,0000000006441_1,TUJUH KURMA SUSU STERIL 189ML _1C24P,24,0,4,4,0,07072027
52,24-Jul-26,GBG,1483596,48438,TMI,CR07057882608,12,00004000000053111485,0000000034936_1,STELLA GEL ALL IN ONE LAVENDER 42GR_1C18P,72,0,1,1,0,12062028
53,24-Jul-26,GBG,1483596,48438,TMI,CR07057882608,01,00004000000053111270,0000000051821_1,EMINA CHEESE SLICE MOZZA 5S 75G_1C48P,48,0,1,1,0,13032027
54,24-Jul-26,GBG,1483596,48438,TMI,CR07057882608,18,00004000000053111614,0000000052964_1,GURIBEE BBQ BALADO 65G_1C30P,30,0,2,2,0,30012027
55,24-Jul-26,GBG,1483596,48438,TMI,CR07057882608,27,00004000000053111881,0000000057389_1,SEDAAP MIE GORENG AYAM BAKAR LIMAU 89G_1C40P,40,0,5,5,0,10022027
56,24-Jul-26,GBG,1483596,48438,TMI,CR07057882608,02,00004000000053111294,0000000083322_1,IMBOOST EXTRA VIT C D3 4S 1B59 1C110P,1,0,1,1,0,03032028
57,24-Jul-26,GBG,1483596,48438,TMI,CR07057882608,11,00004000000053111461,0000000087658_1,EKONOMI PP SEREH REF 650ML,12,0,1,1,0,12072028
58,24-Jul-26,GBG,1483596,48438,TMI,CR07057882608,17,00004000000053111584,0000000107554_1,TOS TOS TORTILLA KOREAN BBQ 140G_1C20P,20,0,1,1,0,12042027
59,24-Jul-26,GBG,1483596,48438,TMI,CR07057882608,06,00004000000053111379,0000000109287_1,PASTI HEMAT FACIAL TISSUE 1000S 1C_10P,10,0,1,1,0,12062029
60,24-Jul-26,GBG,1483596,48438,TMI,CR07057882608,15,00004000000053111256,0000000131590_1,GREENFIELDS UHT CHOCOLATE 105 ML_1C40P,40,0,1,1,0,10022027
61,24-Jul-26,GBG,1483596,48438,TMI,CR07057882608,25,00004000000053111799,0000000132809_1,PROMINA AYAM KAMPUNG BROKOLI KEJU 120G_1C24P,24,0,1,1,0,20052028
62,24-Jul-26,GBG,1483596,48438,TMI,CR07057882608,12,00004000000053111485,0000000133472_1,DORA RACUN TIKUS 100GR _1C24P,24,0,1,1,0,08062028
63,24-Jul-26,GBG,1483596,48438,TMI,CR07057882608,02,00004000000053111294,0000000136511_1,VIVA SKIN FOOD 30GR,12,0,1,1,0,01042029
64,24-Jul-26,GBG,1483596,48438,TMI,CR07057882608,13,00004000000053111515,0000000138519_1,FORMULA SG RIPPLE HELM S_1C72P_XX,72,0,2,2,0,23062029
65,24-Jul-26,GBG,1483596,48438,TMI,CR07057882608,13,00004000000053111515,0000000139027_1,CASABLANCA HOMME RO BLUE AMBITIOUS 50ML,1,0,1,1,0,01042030
66,24-Jul-26,GBG,1483596,48438,TMI,CR07057882608,06,00004000000053111379,0000000141346_1,CHARM SAFE NIGHT 29CM 10S _1C48P,48,0,6,6,0,12052029
67,24-Jul-26,GBG,1483596,48438,TMI,CR07057882608,16,00004000000053111577,0000000144651_1,CHITATO LITE ABURI SEAWEED 65GR_1C30P,30,0,1,1,0,18122026
68,24-Jul-26,GBG,1483596,48438,TMI,CR07057882608,21,00004000000053111669,0000000145162_1,CHO CHO CHOCOLATE STRAW 35G_1C6B10P,60,0,2,2,0,12052027
69,24-Jul-26,GBG,1483596,48438,TMI,CR07057882608,01,00004000000053111270,0000000145648_1,WONHAE GUMMY CHOCO TRUFFLE 35G_1C72P,72,0,1,1,0,04052027
70,24-Jul-26,GBG,1483596,48438,TMI,AM07057859570,03,00004000000053164399,0000000003709_1,MARINA RO BLUE ANTIBACTERIAL 50ML,36,0,4,4,0,
71,24-Jul-26,GBG,1483596,48438,TMI,AM07057859570,13,00004000000053164412,0000000091895_1,MARINA BRIGHT SERUM MAQUI ANTIOXI 185ML,8,0,4,4,0,01112028
72,24-Jul-26,GBG,1483596,48438,TMI,AM07057859570,03,00004000000053164399,0000000105230_1,PIGEON TEENS FF ACNE CARE 100GR,1,0,4,4,0,01062029
73,24-Jul-26,GBG,1483596,48438,TMI,AM07057859570,03,00004000000053164399,0000000193643_1,PIGEON TEENS BRIGHT HEROES BODY SERUM 100ML 1C24,1,0,4,4,0,
74,24-Jul-26,GBG,1483596,48438,TMI,CR07057882608,02,00004000000053111294,0000000007131_1,VICEE GRAPE STRIP 2S_1B50P,1000,0,1,1,0,01052028
75,24-Jul-26,GBG,1483596,48438,TMI,CR07057882608,02,00004000000053111294,0000000009700_1,WARDAH FW LIGHTENING MICELLAR GENTLE 50ML _1C50P,50,0,1,1,0,12062029
76,24-Jul-26,GBG,1483596,48438,TMI,CR07057882608,34,00004000000053112086,0000000032569_1,CAT CHOIZE PLUS TUNA SALMON 500G 1C18P,1,0,3,3,0,08112027
77,24-Jul-26,GBG,1483596,48438,TMI,CR07057882608,07,00004000000053111393,0000000081840_1,MONTISS FACIAL TISSUE 200S BANDED_1C30P,30,0,1,1,0,26052028
78,24-Jul-26,GBG,1483596,48438,TMI,CR07057882608,28,00004000000053111904,0000000094724_1,SOSRO TEH BOTOL LESS SUGAR 350ML_1C12P,12,0,6,6,0,06062027
79,24-Jul-26,GBG,1483596,48438,TMI,CR07057882608,42,00004000000053112178,0000000109270_1,BAYGON AEROSOL LAVENDER 400ML_1C12P,1,0,1,1,0,01032030
80,24-Jul-26,GBG,1483596,48438,TMI,CR07057882608,12,00004000000053111485,0000000109271_1,CBD HAIR MASK KERATIN PRO 30G_1C72P,72,0,3,3,0,01042029
81,24-Jul-26,GBG,1483596,48438,TMI,CR07057882608,13,00004000000053111515,0000000125351_1,MY BABY KIDS TOOTHPASTE STRAWBERRY 45GR,144,0,2,2,0,01042029
82,24-Jul-26,GBG,1483596,48438,TMI,CR07057882608,05,00004000000053111355,0000000127925_1,VIXAL PEMB PORSELEN HIJAU 700GR_1C12P_65486548,12,0,1,1,0,30052028
83,24-Jul-26,GBG,1483596,48438,TMI,CR07057882608,04,00004000000053111331,0000000128399_1,WINGS PEMBERSIH PORSELEN BIRU 360GR_1C12P,12,0,1,1,0,06072028
84,24-Jul-26,GBG,1483596,48438,TMI,CR07057882608,42,00004000000053112178,0000000128421_1,SO KLIN LANTAI APPLE GREEN PCH 310ML,12,0,1,1,0,12062028
85,24-Jul-26,GBG,1483596,48438,TMI,CR07057882608,42,00004000000053112178,0000000130461_1,RAPIKA PELICIN FOREVER BLOSSOM REF 300ML _1C12P,12,0,2,2,0,12062028
86,24-Jul-26,GBG,1483596,48438,TMI,CR07057882608,15,00004000000053111256,0000000132112_1,OATSIDE ORIGINAL OAT DRINK PET 240ML_1C24P,24,0,1,1,0,23062027
87,24-Jul-26,GBG,1483596,48438,TMI,CR07057882608,15,00004000000053111256,0000000132661_1,CIMORY UHT MARIE BISCUIT 250 ML_1C24P,24,0,3,3,0,05032027
88,24-Jul-26,GBG,1483596,48438,TMI,CR07057882608,31,00004000000053111997,0000000133170_1,NIPIS MADU LIME SODA 330ML_1C12P,12,1,0,12,0,01032027
89,24-Jul-26,GBG,1483596,48438,TMI,CR07057882608,05,00004000000053111355,0000000135885_1,SO KLIN LANTAI LAVENDER PURPLE PCH 770ML,12,0,1,1,0,06072028
90,24-Jul-26,GBG,1483596,48438,TMI,CR07057882608,42,00004000000053112178,0000000138979_1,LAURIER PL CLEANFRESH NON PERFUMED 40S _1C42P,42,0,1,1,0,03072029
91,24-Jul-26,GBG,1483596,48438,TMI,CR07057882608,03,00004000000053111317,0000000143688_1,CLOSE UP PG GEL GREEN 110GR_1C48P _21133329,48,0,3,3,0,08072029
92,24-Jul-26,GBG,1483596,48438,TMI,CR07057882608,18,00004000000053111614,0000000144927_1,KELLOGGS FROOT LOOPS 55G_1C24P,24,0,1,1,0,21062027
93,24-Jul-26,GBG,1483596,48438,TMI,CR07057882608,23,00004000000053111744,0000000146646_1,INACO MINI JELLY12S_1C30P,30,0,1,1,0,07062027
94,24-Jul-26,GBG,1483596,48438,TMI,CR07057882608,24,00004000000053111775,0000000146934_1,SAORI TIRAM 23ML_1C120P,120,0,2,2,0,03072027
95,24-Jul-26,GBG,1483596,48438,TMI,CR07057882608,41,00004000000053112154,0000000147032_1,SAFARI 100GR WARNA_1C120P,120,0,2,2,0,06092027
96,24-Jul-26,GBG,1483596,48438,TMI,CR07057882608,24,00004000000053111775,0000000149134_1,DEL MONTE TOMAT 330ML_1C24P,24,0,1,1,0,11062028
97,24-Jul-26,GBG,1483596,48438,TMI,CR07057882608,22,00004000000053111706,0000000151741_1,ROYCO KALDU RASA SAPI 220GR_1C24P_62019582,24,0,6,6,0,27062027
98,24-Jul-26,GBG,1483596,48438,TMI,CR07057882608,26,00004000000053111836,0000000153494_1,KIRANTI ORIGINAL 150ML_1C24P,24,0,4,4,0,10062027
99,24-Jul-26,GBG,1483596,48438,TMI,CR07057882608,23,00004000000053111744,0000000153584_1,INDOMILK JEJU CHOCOLATE UHT 180ML_1C30P,30,0,2,2,0,12022027
100,24-Jul-26,GBG,1483596,48438,TMI,CR07057882608,17,00004000000053111584,0000000156465_1,MONDE SNACK GOLD 60 GR_1C30P,30,0,5,5,0,17072027
101,24-Jul-26,GBG,1483596,48438,TMI,CR07057882608,25,00004000000053111812,0000000160733_1,SOYJOY RAISIN ALMOND 30G_1C48P,48,0,1,1,0,19022027
102,24-Jul-26,GBG,1483596,48438,TMI,CR07057882608,26,00004000000053111836,0000000162895_1,ULTRA MIMI VANILLA 125 ML_1C40P,40,0,3,3,0,20042027
103,24-Jul-26,GBG,1483596,48438,TMI,CR07057882608,41,00004000000053112154,0000000179178_1,MONDE SERENA EGG ROLL 70 GR_1C30P,30,0,1,1,0,12052027
104,24-Jul-26,GBG,1483596,48438,TMI,CR07057882608,02,00004000000053111294,0000000181133_1,SALONPAS KOYO 10S_1B10P,1000,0,1,1,0,04042029
105,24-Jul-26,GBG,1483596,48438,TMI,CR07057882608,27,00004000000053111867,0000000182288_1,ROMA SARI GANDUM 149 GR_1C20P,20,0,4,4,0,12062027
106,24-Jul-26,GBG,1483596,48438,TMI,CR07057882608,01,00004000000053111270,0000000213143_1,YUPI EXOTIC MANGO 45GR_1C72P_YM,72,0,2,2,0,13012028
107,24-Jul-26,GBG,1483596,48438,TMI,CR07057882608,16,00004000000053111577,0000000242831_1,CHEETOS RASA KEJU 120G_1C14P,14,0,1,1,0,05022027
108,24-Jul-26,GBG,1483596,48438,TMI,CR07057882608,01,00004000000053111270,0000000245508_1,MAGNUM FILTER BINTANG 12S_1SL10P_YM,1,0,3,3,0,12062027
109,24-Jul-26,GBG,1483596,48438,TMI,CR07057882608,02,00004000000053111294,0000000255216_1,OMG HYDRAPOWER MICELLAR WATER 300 ML_YM,24,0,1,1,0,01042029
110,24-Jul-26,GBG,1483596,48438,TMI,CR07057882608,22,00004000000053111720,0000000302705_1,TOTOLE GRANULATED MUSHROOM 80G_1C100P,100,0,2,2,0,30012028
111,24-Jul-26,GBG,1483596,48438,TMI,CR07057882608,10,00004000000053111447,0000000450901_1,MAMY POKO PANTS XTRA KERING XXL24 1C4P,4,0,1,1,0,08032029
112,24-Jul-26,GBG,1483596,48438,TMI,CR07057882608,12,00004000000053111485,0000000451704_1,PANTENE SH ANTI DANDRUFF 70ML_1C48P,48,0,1,1,0,06062029
113,24-Jul-26,GBG,1483596,48438,TMI,CR07057882608,17,00004000000053111584,0000000452610_1,DUA KELINCI TIC TAC MIX 80G_1C50P,50,0,3,3,0,01072027
114,24-Jul-26,GBG,1483596,48438,TMI,CR07057882608,24,00004000000053111775,0000000483182_1,MY VLA VANILLA_1C12P,72,0,1,1,0,01102027
115,24-Jul-26,GBG,1483596,48438,TMI,CR07057882608,13,00004000000053111515,0000000491471_1,PEPSODENT PG ACTION 123 75_1C144P _20288832,144,0,3,3,0,12052029
116,24-Jul-26,GBG,1483596,48438,TMI,CR07057882608,13,00004000000053111515,0000000545054_1,HADALABO GOKUJYUN FF 50G _1C6P,144,0,1,1,0,01042029
117,24-Jul-26,GBG,1483596,48438,TMI,CR07057882608,13,00004000000053111515,0000000006445_1,ZWITSAL KID 2IN1 BW GREEN 280ML 1C12P 68134985,12,0,1,1,0,13122028
118,24-Jul-26,GBG,1483596,48438,TMI,CR07057882608,01,00004000000053111270,0000000011418_1,SILVER QUEEN VERYBERRY YOGHURT 22G_1C12B30P,360,0,1,1,0,13032027
119,24-Jul-26,GBG,1483596,48438,TMI,CR07057882608,01,00004000000053111270,0000000013801_1,CAMEL OPTION PURPLE 12S_1SL10P,52,0,3,3,0,12062027
120,24-Jul-26,GBG,1483596,48438,TMI,CR07057882608,28,00004000000053111904,0000000021125_1,TIGA SAPI EVAPORASI 500G _1C12P,12,0,1,1,0,28032027
121,24-Jul-26,GBG,1483596,48438,TMI,CR07057882608,02,00004000000053111294,0000000051883_1,POSH MEN RO ACT PRO 50ML,24,0,1,1,0,04072029
122,24-Jul-26,GBG,1483596,48438,TMI,CR07057882608,02,00004000000053111294,0000000054588_1,THANKFUL MASK ADULT 3D EARLOOP 3S_Y,200,0,1,1,0,12062029
123,24-Jul-26,GBG,1483596,48438,TMI,CR07057882608,17,00004000000053111584,0000000056696_1,CHITATO LITE NORI SEAWEED 68G_1C30P,30,0,5,5,0,06022027
124,24-Jul-26,GBG,1483596,48438,TMI,CR07057882608,16,00004000000053111577,0000000056742_1,CHIKI PUFFS CHEDDAR CHEESE 60G_1C30P,30,0,2,2,0,29122026
125,24-Jul-26,GBG,1483596,48438,TMI,CR07057882608,06,00004000000053111379,0000000083321_1,MONTISS FACIAL TISSUE 150 SHEET_YM,48,0,5,5,0,19062029
126,24-Jul-26,GBG,1483596,48438,TMI,CR07057882608,02,00004000000053111294,0000000095292_1,PLOSSA AROMATICS CITRUS 10ML_1B12P,72,0,1,1,0,05052028
127,24-Jul-26,GBG,1483596,48438,TMI,CR07057882608,25,00004000000053111799,0000000106919_1,PROMINA MI BATITA AYAM KAMPUNG 75G_1C24P,24,0,1,1,0,12062027
128,24-Jul-26,GBG,1483596,48438,TMI,CR07057882608,18,00004000000053111614,0000000107552_1,TOS TOS TORTILLA ROASTED CORN 140G_1C20P,20,0,1,1,0,12042027
129,24-Jul-26,GBG,1483596,48438,TMI,CR07057882608,20,00004000000053111645,0000000128203_1,PROMINA CRUNCHIES SEAWEED 20G_1C24P,24,0,1,1,0,22022027
130,24-Jul-26,GBG,1483596,48438,TMI,CR07057882608,13,00004000000053111515,0000000128770_1,PUTRI SH GINSENG 200ML 1C24,24,0,1,1,0,01052029
131,24-Jul-26,GBG,1483596,48438,TMI,CR07057882608,21,00004000000053111669,0000000137913_1,RITZ SANDWICH SWEET CHEESE 91G_1C36,36,0,8,8,0,26062027
132,24-Jul-26,GBG,1483596,48438,TMI,CR07057882608,01,00004000000053111270,0000000137949_1,CADBURY DAIRY MILK 52G_1B24P_1C6B,144,0,3,3,0,06082027
133,24-Jul-26,GBG,1483596,48438,TMI,CR07057882608,25,00004000000053111799,0000000138068_1,KHONG GUAN CREAM CRACKERS NEW 24SX390G_1C24P,24,0,2,2,0,02062027
134,24-Jul-26,GBG,1483596,48438,TMI,CR07057882608,09,00004000000053111423,0000000139192_1,SELECTION SELECTION 75,72,0,1,1,0,12122029
135,24-Jul-26,GBG,1483596,48438,TMI,CR07057882608,21,00004000000053111669,0000000140878_1,NISSIN LEMONIA COOK 130G_1C36P,36,0,3,3,0,19042027
136,24-Jul-26,GBG,1483596,48438,TMI,CR07057882608,21,00004000000053111669,0000000142900_1,KHONG GUAN MALKIST ABON 135G_1C20P,20,0,1,1,0,04062027
137,24-Jul-26,GBG,1483596,48438,TMI,CR07057882608,01,00004000000053111270,0000000143646_1,234 SUPER PREMIUM MAGNUM FILTER 12 _1B10P,100,0,10,10,0,12062027
138,24-Jul-26,GBG,1483596,48438,TMI,CR07057882608,13,00004000000053111515,0000000143849_1,MARINA NATURAL HBL RICH MOISTURIZING 185ML,48,0,1,1,0,01032029
139,24-Jul-26,GBG,1483596,48438,TMI,CR07057882608,24,00004000000053111775,0000000144048_1,KOBE BUMBU NASI UDUK 3X15G_1C40P,40,0,1,1,0,23082027
140,24-Jul-26,GBG,1483596,48438,TMI,AM07057859570,03,00004000000053164399,0000000143901_1,TOTAL CARE MW 250ML,24,0,1,1,0,01062029
141,24-Jul-26,GBG,1483596,48438,TMI,CR07057882608,29,00004000000053111959,0000000007762_1,NISSIN GEKIKARA RAMEN CARBONARA PEDAS 120G_1C30P,30,0,4,4,0,04042027
142,24-Jul-26,GBG,1483596,48438,TMI,CR07057882608,32,00004000000053112017,0000000015590_1,MILKU COKLAT BTL 200ML_1C12P,12,1,0,12,0,01042027
143,24-Jul-26,GBG,1483596,48438,TMI,CR07057882608,18,00004000000053111614,0000000048994_1,LEMONILO CHIMI KRPK UBI BALADO 40 G_1C24P,24,0,1,1,0,26062027
144,24-Jul-26,GBG,1483596,48438,TMI,CR07057882608,33,00004000000053112055,0000000093945_1,GOLDA CAPPUCCINO 200 ML_1C12P,12,0,6,6,0,12032027
145,24-Jul-26,GBG,1483596,48438,TMI,CR07057882608,40,00004000000053112130,0000000110295_1,KANZLER SINGLES SOSIS GOCHUJANG 60GR C120,120,0,12,12,0,16112026
146,24-Jul-26,GBG,1483596,48438,TMI,CR07057882608,06,00004000000053111379,0000000120925_1,YOA FACIAL TISSUE 250S BANDED_1C20P,20,0,2,2,0,12062029
147,24-Jul-26,GBG,1483596,48438,TMI,CR07057882608,20,00004000000053111645,0000000133308_1,PROMINA BBR TIM 8PLUS DAGING N BROKOLI 100G_1C24P,24,0,1,1,0,12122027
148,24-Jul-26,GBG,1483596,48438,TMI,CR07057882608,29,00004000000053111942,0000000135555_1,INDOMIE GORENG RENDANG JUMBO 120GR_1C24P,24,0,4,4,0,26022027
149,24-Jul-26,GBG,1483596,48438,TMI,CR07057882608,13,00004000000053111515,0000000136643_1,CUSSONS CREAM MILD GENTLE 50GR 1C72P,72,0,1,1,0,12062029
150,24-Jul-26,GBG,1483596,48438,TMI,CR07057882608,01,00004000000053111270,0000000137044_1,DJARUM COKLAT 12_1B10P,200,0,10,10,0,01062027
151,24-Jul-26,GBG,1483596,48438,TMI,CR07057882608,09,00004000000053111423,0000000137249_1,MITU BABY WIPES FRESH N CLEAN BLUE 40S BANDED_1C24,24,0,2,2,0,01042028
152,24-Jul-26,GBG,1483596,48438,TMI,CR07057882608,21,00004000000053111669,0000000138224_1,GOOD TIME DOUBLE CHOC CHOCOCHIP COOK 72_1C48P,48,0,3,3,0,10032027
153,24-Jul-26,GBG,1483596,48438,TMI,CR07057882608,03,00004000000053111317,0000000139159_1,FRES N NAT MIST TRULY ENCHANTED PURPLE 100ML,48,0,1,1,0,12012029
154,24-Jul-26,GBG,1483596,48438,TMI,CR07057882608,09,00004000000053111423,0000000141088_1,SELECTION KAPAS 35 GRAM,144,0,4,4,0,20072031
155,24-Jul-26,GBG,1483596,48438,TMI,CR07057882608,01,00004000000053111270,0000000141989_1,MENTOS ROLL GRAPE 37G_1B24P_631511,192,0,2,2,0,11012028
156,24-Jul-26,GBG,1483596,48438,TMI,CR07057882608,01,00004000000053111270,0000000142142_1,FISHERMANS FRIEND LEMON 25G_1B24P,288,0,2,2,0,02032029
157,24-Jul-26,GBG,1483596,48438,TMI,CR07057882608,25,00004000000053111799,0000000142547_1,MENTOS FRUIT 40S_1C40P_631503,40,0,3,3,0,17062028
158,24-Jul-26,GBG,1483596,48438,TMI,CR07057882608,16,00004000000053111577,0000000143206_1,ROMA MALKIST SWEET CRACKERS 105GR_1C30P,30,0,2,2,0,02072027
159,24-Jul-26,GBG,1483596,48438,TMI,CR07057882608,21,00004000000053111669,0000000143561_1,OREO VANILLA ACTIVATION 105G_1C24P,24,0,2,2,0,25062027
160,24-Jul-26,GBG,1483596,48438,TMI,CR07057882608,02,00004000000053111294,0000000143628_1,VIVA CLEANSING MILK LEMON 100ML _1C36P,36,0,2,2,0,01042029
161,24-Jul-26,GBG,1483596,48438,TMI,CR07057882608,25,00004000000053111812,0000000145066_1,CHOKICHOKI COKLAT PASTA 4X9G_1C72P,72,0,4,4,0,12072027
162,24-Jul-26,GBG,1483596,48438,TMI,CR07057882608,24,00004000000053111775,0000000145835_1,INDOFOOD BUMBU RACIK AYAM GORENG_1C100P,100,0,3,3,0,12122031
163,24-Jul-26,GBG,1483596,48438,TMI,AM07057859570,13,00004000000053164412,0000000105231_1,PIGEON TEENS FF DAILY MILDCLEANSING 100GR,1,0,4,4,0,01062029
164,24-Jul-26,GBG,1483596,48438,TMI,AM07057859570,02,00004000000053164382,0000000155593_1,VIVA FACE TONIC BENGKUANG 100ML _1C36P,36,0,4,4,0,12042029
165,24-Jul-26,GBG,1483596,48438,TMI,AM07057859570,13,00004000000053164412,0000000185678_1,PIGEON TEENS EVERYDAY SUNSCREEN SPF35PA 30ML,1,0,4,4,0,01042029
166,24-Jul-26,GBG,1483596,48438,TMI,AM07057878662,01,00004000000053163842,0000000105535_1,SILVER QUEEN CASHEW B2G1 3X52GR_1C8B_1B6P,48,0,24,24,0,11032027
167,24-Jul-26,GBG,1483596,48438,TMI,CR07057882608,09,00004000000053111423,0000000014881_1,EKONOMI PP SIWAK REF 650ML,12,0,1,1,0,09052028
168,24-Jul-26,GBG,1483596,48438,TMI,CR07057882608,40,00004000000053112130,0000000016718_1,KANZLER SINGLES HOT 60GR 1S C120,120,0,12,12,0,13122026
169,24-Jul-26,GBG,1483596,48438,TMI,CR07057882608,34,00004000000053112086,0000000063651_1,CAT CHOIZE PLUS KITTEN TUNASALMON WMILK450 1C18,18,0,1,1,0,08122027
170,24-Jul-26,GBG,1483596,48438,TMI,CR07057882608,34,00004000000053112086,0000000070351_1,IN LITE VALUE 15W CDL 1C10P,10,0,1,1,0,08062029
171,24-Jul-26,GBG,1483596,48438,TMI,CR07057882608,02,00004000000053111294,0000000084999_1,YOA CARE MASKER KF94 BLACK_WHITE 5S_1C200P,200,0,1,1,0,08042029
172,24-Jul-26,GBG,1483596,48438,TMI,CR07057882608,42,00004000000053112178,0000000096756_1,SOFTEX COMFORT NIGHT29CM 9S 1C48,48,0,1,1,0,08042029
173,24-Jul-26,GBG,1483596,48438,TMI,CR07057882608,13,00004000000053111515,0000000099931_1,POSH MEN EDT BLUE GRAVITY 100ML,12,0,1,1,0,12022029
174,24-Jul-26,GBG,1483596,48438,TMI,CR07057882608,12,00004000000053111485,0000000126867_1,EMERON LOVELY NATURAL HONEY AVOCADO 400ML 1C12,12,0,2,2,0,11072029
175,24-Jul-26,GBG,1483596,48438,TMI,CR07057882608,28,00004000000053111904,0000000127040_1,ABC KOPI KLEPON 5X25G_1C24P,24,0,2,2,0,01122027
176,24-Jul-26,GBG,1483596,48438,TMI,CR07057882608,33,00004000000053112079,0000000127689_1,INDOMILK STRAWBERRY  BTL 190ML_1C24P,24,0,6,6,0,12032027
177,24-Jul-26,GBG,1483596,48438,TMI,CR07057882608,13,00004000000053111515,0000000128466_1,KISPRAY PELICIN VIOLET BTL 318ML _1C24P,24,0,1,1,0,01112027
178,24-Jul-26,GBG,1483596,48438,TMI,CR07057882608,02,00004000000053111294,0000000129758_1,BYE BYE FEVER DEWASA 1S_1B10P,240,0,2,2,0,12042029
179,24-Jul-26,GBG,1483596,48438,TMI,CR07057882608,12,00004000000053111485,0000000133477_1,GAJAH LEM TIKUS TRAP 75GR _1C72P,6,0,1,1,0,12062029
180,24-Jul-26,GBG,1483596,48438,TMI,CR07057882608,25,00004000000053111799,0000000135145_1,DANCOW CHOCOLATE BOX 200 GR_1C40P,40,0,1,1,0,12122027
181,24-Jul-26,GBG,1483596,48438,TMI,CR07057882608,34,00004000000053112086,0000000137282_1,SCOTCHBRITE LAM JUNIPER HD_LAM STD 1_29,48,0,1,1,0,
182,24-Jul-26,GBG,1483596,48438,TMI,CR07057882608,24,00004000000053111775,0000000137297_1,FILMA MARGARINE SALT 200 GR_1C60P,60,0,2,2,0,06062027
183,24-Jul-26,GBG,1483596,48438,TMI,CR07057882608,01,00004000000053111270,0000000138051_1,RELAXA BARLEY MINT 108 GR_1C24P,24,0,1,1,0,09122027
184,24-Jul-26,GBG,1483596,48438,TMI,CR07057882608,09,00004000000053111423,0000000139390_1,LAURIER SC SPR MAXI 30,24,0,4,4,0,08062029
185,24-Jul-26,GBG,1483596,48438,TMI,CR07057882608,01,00004000000053111270,0000000140106_1,MENTOS ROLL MINT_1B24P_631512,192,0,3,3,0,12122027
186,24-Jul-26,GBG,1483596,48438,TMI,CR07057882608,15,00004000000053111256,0000000651030_1,MINUTEMAID NUTRIBOOST ORANGE 300 ML_1C12P,12,0,2,2,0,31012027
187,24-Jul-26,GBG,1483596,48438,TMI,CR07057882608,24,00004000000053111775,0000000660839_1,LADAKU MERICA BUBUK 8X1GR_1C72P,72,0,1,1,0,01012030
188,24-Jul-26,GBG,1483596,48438,TMI,CR07057882608,01,00004000000053111270,0000000680049_1,GUDANG GARAM SIGNATURE,10,1,0,10,0,23062027
189,24-Jul-26,GBG,1483596,48438,TMI,CR07057882608,05,00004000000053111355,0000000770157_1,NUVO BW NATURE PROTECT R400ML 1C12,12,0,2,2,0,03072028
190,24-Jul-26,GBG,1483596,48438,TMI,CR07057882608,34,00004000000053112086,0000000784208_1,WHISKAS TUNA CAN 400GR_1C24P_114546,24,0,2,2,0,12052028
191,24-Jul-26,GBG,1483596,48438,TMI,CR07057882608,17,00004000000053111584,0000000825102_1,PIATTOS SAPI PANGGANG 65 GR_1C30P,30,0,2,2,0,06052027
192,24-Jul-26,GBG,1483596,48438,TMI,CR07057882608,23,00004000000053111744,0000000832561_1,SUN BUBUR SUP AYAM 120G _1C24P,24,0,1,1,0,13052028
193,24-Jul-26,GBG,1483596,48438,TMI,CR07057882608,18,00004000000053111614,0000000844631_1,HAPPYTOS TORTILA CHIPS NACHO CHEESE 140G_1C16P,16,0,1,1,0,12072027
194,24-Jul-26,GBG,1483596,48438,TMI,CR07057882608,26,00004000000053111836,0000000864030_1,VIDORAN KIDS COKLAT UHT 110ML_1C40P,40,0,10,10,0,24042027
195,24-Jul-26,GBG,1483596,48438,TMI,CR07057882608,24,00004000000053111775,0000000894869_1,DEL MONTE EXTRA HOT PET 265ML_1C24P,24,0,1,1,0,25122027
196,24-Jul-26,GBG,1483596,48438,TMI,CR07057882608,22,00004000000053111706,0000000911956_1,TULIP TERIGU 1 KG_1C10P,10,0,3,3,0,01062027
197,24-Jul-26,GBG,1483596,48438,TMI,CR07057882608,06,00004000000053111379,0000001015756_1,KODOMO BABY WIPES BLUE 50S BANDED_1C24P,24,0,4,4,0,10072029
198,24-Jul-26,GBG,1483596,48438,TMI,CR07057882608,16,00004000000053111577,0000001030042_1,MR HOTTEST TWISCORN JAGUNG BAKAR 70GR_1C24P,24,0,2,2,0,16042027
199,24-Jul-26,GBG,1483596,48438,TMI,AM07057859570,13,00004000000053164412,0000000105233_1,PIGEON TEENS MOISTURIZER 20 ML,1,0,4,4,0,01122028
200,24-Jul-26,GBG,1483596,48438,TMI,AM07057859570,03,00004000000053164399,0000000646324_1,PIGEON FACIAL FOAM 100ML,24,0,4,4,0,01052029
201,24-Jul-26,GBG,1483596,48438,TMI,CR07057882608,41,00004000000053112154,0000000000720_1,CHOKICHOKI ROCKETZ SURPRISE 24G_1C36P,36,0,8,8,0,07072027
202,24-Jul-26,GBG,1483596,48438,TMI,CR07057882608,07,00004000000053111393,0000000012867_1,CHARM PL COOLING FRESH L N W 28S,36,0,1,1,0,15062029
203,24-Jul-26,GBG,1483596,48438,TMI,CR07057882608,09,00004000000053111423,0000000047255_1,FRES N NAT BW HIJAB MIDNIGHT SECRET R400 1C12,12,0,1,1,0,08052028
204,24-Jul-26,GBG,1483596,48438,TMI,CR07057882608,28,00004000000053111904,0000000047343_1,FRISIAN FLAG KENTAL MANIS COKLATPOUCH240G_1C24P,24,0,1,1,0,12032027
205,24-Jul-26,GBG,1483596,48438,TMI,CR07057882608,18,00004000000053111614,0000000048992_1,LEMONILO CHIMI KRPK UBI JAGUNG BAKAR 40 G_1C24P,24,0,2,2,0,25062027
206,24-Jul-26,GBG,1483596,48438,TMI,CR07057882608,02,00004000000053111294,0000000054583_1,DIAPET 10S_1B12P,12,0,1,1,0,04042029
207,24-Jul-26,GBG,1483596,48438,TMI,CR07057882608,03,00004000000053111317,0000000062447_1,FAIRNLOVELY FACE MASK VIT C GLOW20G_1C24_68689149,24,0,1,1,0,08042029
208,24-Jul-26,GBG,1483596,48438,TMI,CR07057882608,33,00004000000053112055,0000000066211_1,YOU C1000 MANGO 140ML_1C30P,30,0,3,3,0,08052027
209,24-Jul-26,GBG,1483596,48438,TMI,CR07057882608,07,00004000000053111393,0000000081840_1,MONTISS FACIAL TISSUE 200S BANDED_1C30P,30,0,3,3,0,31052029
210,24-Jul-26,GBG,1483596,48438,TMI,CR07057882608,02,00004000000053111294,0000000104708_1,ESEMAG SACHET 10ML_1B5P,360,0,4,4,0,12032028
211,24-Jul-26,GBG,1483596,48438,TMI,CR07057882608,40,00004000000053112130,0000000110297_1,KANZLER SINGLES BAKSO HOT 55GR 4S C120,120,0,24,24,0,12012027
212,24-Jul-26,GBG,1483596,48438,TMI,CR07057882608,01,00004000000053111270,0000000118331_1,FITBAR CHEESE 20G_1C6B12P,72,0,2,2,0,12062027
213,24-Jul-26,GBG,1483596,48438,TMI,CR07057882608,16,00004000000053111577,0000000127150_1,WONHAE TOPOKKI SNACK CREAMY ROSE 80G_1C40P,40,0,4,4,0,30062027
214,24-Jul-26,GBG,1483596,48438,TMI,CR07057882608,28,00004000000053111904,0000000127639_1,INDOMILK KENTAL MANIS SACH 6X40_1C20P,20,0,10,10,0,28062027
215,24-Jul-26,GBG,1483596,48438,TMI,CR07057882608,28,00004000000053111904,0000000127755_1,OMELA KRIMER 370G_1C48P,48,0,6,6,0,05052027
216,24-Jul-26,GBG,1483596,48438,TMI,CR07057882608,25,00004000000053111799,0000000130111_1,FRISIAN FLAG 1 PLUS VANILA 360G_1C24P,24,0,1,1,0,01112027
217,24-Jul-26,GBG,1483596,48438,TMI,CR07057882608,09,00004000000053111423,0000000130494_1,PASTI HEMAT FACIAL COTTTON EXCLUSIVE 35GR _1C144,144,0,5,5,0,08072031
218,24-Jul-26,GBG,1483596,48438,TMI,CR07057882608,42,00004000000053112178,0000000130958_1,MAMA LIME PP LIME REF 105ML,24,0,1,1,0,12052029
219,24-Jul-26,GBG,1483596,48438,TMI,CR07057882608,03,00004000000053111317,0000000139135_1,CLOSE UP PG GEL GREEN 65GR_ 1C48P _21133369,48,0,3,3,0,12032029
220,24-Jul-26,GBG,1483596,48438,TMI,CR07057882608,01,00004000000053111270,0000000140124_1,MENTOS ROLL FRUIT_1B24P_631513,192,0,3,3,0,28122027
221,24-Jul-26,GBG,1483596,48438,TMI,CR07057882608,01,00004000000053111270,0000000140366_1,SILVER QUEEN SQ ALMOND 22G_1B60P,60,0,5,5,0,12082027
222,24-Jul-26,GBG,1483596,48438,TMI,CR07057882608,26,00004000000053111836,0000000146434_1,ULTRA STRAWBERRY 250 ML_1C24P,24,0,4,4,0,11042027
223,24-Jul-26,GBG,1483596,48438,TMI,CR07057882608,24,00004000000053111775,0000000146917_1,SAORI TERIYAKI 135ML_1C24P,24,0,1,1,0,16052027
224,24-Jul-26,GBG,1483596,48438,TMI,CR07057882608,02,00004000000053111294,0000000149106_1,BETADINE SOLUTION 15ML,144,0,2,2,0,12032030
225,24-Jul-26,GBG,1483596,48438,TMI,CR07057882608,01,00004000000053111270,0000000151429_1,MARLBORO MERAH _1B10P,500,0,5,5,0,12062027
226,24-Jul-26,GBG,1483596,48438,TMI,CR07057882608,24,00004000000053111775,0000000151681_1,ROYCO KALDU RASA SAPI 94GR POUCH_1C36P_62019635,36,0,1,1,0,03072027
227,24-Jul-26,GBG,1483596,48438,TMI,CR07057882608,29,00004000000053111942,0000000153564_1,GAGA 100 EXTRA PEDAS KUAH SOTO 75G_1C40P,40,0,5,5,0,12042027
228,24-Jul-26,GBG,1483596,48438,TMI,CR07057882608,22,00004000000053111706,0000000153810_1,KUNCI MAS POUCH 200 ML_1C48P,48,0,4,4,0,12012028
229,24-Jul-26,GBG,1483596,48438,TMI,CR07057882608,23,00004000000053111751,0000000158722_1,WONG COCO PUDDING MANGO 120GR (C36),36,0,3,3,0,12072027
230,24-Jul-26,GBG,1483596,48438,TMI,CR07057882608,26,00004000000053111836,0000000176945_1,FRISIAN FLAG OMEGA COKELAT 6X110 ML_1C6P,6,0,2,2,0,01072027
231,24-Jul-26,GBG,1483596,48438,TMI,CR07057882608,19,00004000000053111621,0000000178207_1,LACTOGROW PRO 1 PLUS  DHA 735GR_1C12P,12,0,1,1,0,12122027
232,24-Jul-26,GBG,1483596,48438,TMI,CR07057882608,02,00004000000053111294,0000000178427_1,GLAD2GLOW BLUEBERRY CERAMIDE LOW PH GEL CLEANSER,1,0,1,1,0,
233,24-Jul-26,GBG,1483596,48438,TMI,CR07057882608,02,00004000000053111294,0000000182474_1,KAHF RO COOLING POWER 45ML,24,0,1,1,0,01062029
234,24-Jul-26,GBG,1483596,48438,TMI,CR07057882608,42,00004000000053112178,0000000184553_1,LIFEBUOY BW COOL REFF 400ML 1C24 68715262,24,0,1,1,0,04012029
235,24-Jul-26,GBG,1483596,48438,TMI,CR07057882608,25,00004000000053111799,0000000186950_1,YOA FOOD MEISES COKELAT 90GR_1C60P,60,0,3,3,0,15062027
236,24-Jul-26,GBG,1483596,48438,TMI,CR07057882608,05,00004000000053111355,0000000189854_1,HARPIC TOILET POWER PLUS ORIGINAL 200ML,24,0,1,1,0,12062029
237,24-Jul-26,GBG,1483596,48438,TMI,CR07057882608,12,00004000000053111485,0000000194735_1,MY BABY POWDER NOURISH SMOOTH 225GR,36,0,1,1,0,20102029
238,24-Jul-26,GBG,1483596,48438,TMI,CR07057882608,24,00004000000053111775,0000000202377_1,MASAKO KALDU JAMUR 40G_1C72P,72,0,3,3,0,02042027
239,24-Jul-26,GBG,1483596,48438,TMI,CR07057882608,27,00004000000053111867,0000000214341_1,POP MIE GORENG RASA INDOMIE GORENG 80GR_1C12P,12,0,6,6,0,10032027
240,24-Jul-26,GBG,1483596,48438,TMI,CR07057882608,23,00004000000053111751,0000000239625_1,INDOMILK KIDS YOGURT STRAWBERRY 70GR C24,24,0,1,1,0,28022027
241,24-Jul-26,GBG,1483596,48438,TMI,CR07057882608,13,00004000000053111515,0000000240711_1,SENSODYNE PG CEGAH GIGI BERLUBANGSENSITIF60GR 1C72,1,0,1,1,0,20022028
242,24-Jul-26,GBG,1483596,48438,TMI,CR07057882608,34,00004000000053112086,0000000276691_1,YOA JAS HUJAN PONCO_1C96P,96,0,1,1,0,01042030
243,24-Jul-26,GBG,1483596,48438,TMI,CR07057882608,13,00004000000053111515,0000000282857_1,KODOMO SIKAT GIGI SOFT REGULAR 1S,72,0,1,1,0,22062029
244,24-Jul-26,GBG,1483596,48438,TMI,CR07057882608,01,00004000000053111270,0000000289180_1,BLENDS PURPLE 20S_1B10P_YM,10,0,2,2,0,12062027
245,24-Jul-26,GBG,1483596,48438,TMI,CR07057882608,15,00004000000053111256,0000000146264_1,MILO RTD UHT 180ML_1C36P,36,0,3,3,0,06062027
246,24-Jul-26,GBG,1483596,48438,TMI,CR07057882608,18,00004000000053111614,0000000146336_1,MONDE EGG DROP 110G_1C24P,24,0,2,2,0,09062027
247,24-Jul-26,GBG,1483596,48438,TMI,CR07057882608,33,00004000000053112079,0000000146449_1,CAP BADAK MELON CAN 320ML_1C24P,24,0,1,1,0,09062028
248,24-Jul-26,GBG,1483596,48438,TMI,CR07057882608,24,00004000000053111775,0000000146895_1,SAORI SAUS TIRAM 270ML_1C12P,12,0,1,1,0,04072027
249,24-Jul-26,GBG,1483596,48438,TMI,CR07057882608,02,00004000000053111294,0000000147175_1,MIXAGRIP FLU 4S_1B25P,1600,0,1,1,0,12122027
250,24-Jul-26,GBG,1483596,48438,TMI,CR07057882608,24,00004000000053111775,0000000147509_1,KOBE BUMBU ADUK NASI KUNING3X15G_1C40,40,0,4,4,0,06102027
251,24-Jul-26,GBG,1483596,48438,TMI,CR07057882608,12,00004000000053111485,0000000148791_1,BIORE BSW WHITE B100 _1C48P,48,0,1,1,0,22052029
252,24-Jul-26,GBG,1483596,48438,TMI,CR07057882608,20,00004000000053111645,0000000148952_1,PROMINA BUBUR8PLUS TIM SALMON NORWEGIA100G_1C24P,24,0,1,1,0,12122027
253,24-Jul-26,GBG,1483596,48438,TMI,CR07057882608,21,00004000000053111669,0000000150036_1,NESTLE KOKO KRUNCH 150GR_1C18P,18,0,1,1,0,19042027
254,24-Jul-26,GBG,1483596,48438,TMI,CR07057882608,27,00004000000053111867,0000000151546_1,POP MIE TORI MISO RAMEN 77GR_1C12P,12,0,3,3,0,30012027
255,24-Jul-26,GBG,1483596,48438,TMI,CR07057882608,02,00004000000053111294,0000000151964_1,NEOZEP FORTE 4S_1B25P,1200,0,1,1,0,10102027
256,24-Jul-26,GBG,1483596,48438,TMI,CR07057882608,29,00004000000053111959,0000000153428_1,SEDAAP MIE GORENG 90GR_1C40P,40,0,20,20,0,12012027
257,24-Jul-26,GBG,1483596,48438,TMI,CR07057882608,02,00004000000053111294,0000000155594_1,VIVA FACE TONIC LEMON 100ML _1C36P,36,0,1,1,0,01052029
258,24-Jul-26,GBG,1483596,48438,TMI,CR07057882608,18,00004000000053111614,0000000156413_1,CHITATO SAPI PANGGANG 35GR_1C40P,40,0,1,1,0,03032027
259,24-Jul-26,GBG,1483596,48438,TMI,CR07057882608,32,00004000000053112017,0000000173181_1,COCA COLA ZERO PET 1000 ML_1C12P,12,1,0,12,0,31012027
260,24-Jul-26,GBG,1483596,48438,TMI,CR07057882608,03,00004000000053111317,0000000189309_1,CIPTADENT PG ICEMINT 75,72,0,4,4,0,06052029
261,24-Jul-26,GBG,1483596,48438,TMI,CR07057882608,02,00004000000053111294,0000000189908_1,FRESH CARE SMASH MATCHA 8ML_1B12P,1728,0,1,1,0,
262,24-Jul-26,GBG,1483596,48438,TMI,CR07057882608,03,00004000000053111317,0000000190361_1,GATSBY WGLOSS HYPER SOLID 75GR,16,0,1,1,0,02022031
263,24-Jul-26,GBG,1483596,48438,TMI,CR07057882608,34,00004000000053112086,0000000196425_1,HICOOK FUEL 230 GR_1C28P,28,0,4,4,0,
264,24-Jul-26,GBG,1483596,48438,TMI,CR07057882608,02,00004000000053111294,0000000255187_1,FRESH CARE SMASH FRUITY 8ML_1B12P,144,0,2,2,0,01062029
265,24-Jul-26,GBG,1483596,48438,TMI,CR07057882608,26,00004000000053111836,0000000256198_1,NOBO CREAMY CLASSIC OAT MILK STRAW 200ML_1C24P,24,0,4,4,0,16062027
266,24-Jul-26,GBG,1483596,48438,TMI,CR07057882608,21,00004000000053111669,0000000257421_1,MILO ACTIV CHOCO BISCUIT 96G_1C24P,24,0,1,1,0,01072027
267,24-Jul-26,GBG,1483596,48438,TMI,CR07057882608,10,00004000000053111447,0000000282806_1,CHARM SAFE NIGHT DAUN SIRIH 35CM W 11P 1C24,24,0,1,1,0,13062029
268,24-Jul-26,GBG,1483596,48438,TMI,CR07057882608,18,00004000000053111614,0000000480076_1,TWISTKO JAGUNG BAKAR 30G_XTRA33PERSEN_1C48P,48,0,3,3,0,07022027
269,24-Jul-26,GBG,1483596,48438,TMI,CR07057882608,25,00004000000053111799,0000000144967_1,ASTOR COKLAT 40G _1C36P,36,0,3,3,0,12062027
270,24-Jul-26,GBG,1483596,48438,TMI,CR07057882608,24,00004000000053111775,0000000145847_1,INDOFOOD BUMBU RACIK SAYUR LODEH_1C100P,100,0,1,1,0,31052027
271,24-Jul-26,GBG,1483596,48438,TMI,CR07057882608,16,00004000000053111577,0000000147526_1,PRINGLES CHEESE 42 GR_1C12P,12,0,2,2,0,12062027
272,24-Jul-26,GBG,1483596,48438,TMI,CR07057882608,23,00004000000053111744,0000000148133_1,WONG COCO MY JELLY 15X14G_1C24P,24,0,3,3,0,15122027
273,24-Jul-26,GBG,1483596,48438,TMI,CR07057882608,42,00004000000053112178,0000000148273_1,GENTLE GEN FRENCH PEONY POUCH 360ML,12,0,2,2,0,05052028
274,24-Jul-26,GBG,1483596,48438,TMI,CR07057882608,02,00004000000053111294,0000000149091_1,DECOLGEN PE 4S_1B25P,1200,0,3,3,0,11112027
275,24-Jul-26,GBG,1483596,48438,TMI,CR07057882608,24,00004000000053111775,0000000149372_1,SASA BUMBU MASAK 50GR_1C12PK20P,240,0,1,1,0,01042036
276,24-Jul-26,GBG,1483596,48438,TMI,CR07057882608,33,00004000000053112079,0000000150923_1,KRATINGDAENG REGULAR 150ML_1C50P,50,0,4,4,0,01122027
277,24-Jul-26,GBG,1483596,48438,TMI,CR07057882608,02,00004000000053111294,0000000151991_1,ANTANGIN JRG BOX 5X15ML,60,0,3,3,0,04042028
278,24-Jul-26,GBG,1483596,48438,TMI,CR07057882608,02,00004000000053111294,0000000152051_1,TOLAK ANGIN CAIR MADU 15ML_1B12P,360,0,12,12,0,12122027
279,24-Jul-26,GBG,1483596,48438,TMI,CR07057882608,33,00004000000053112055,0000000154414_1,MARJAN BOUDOIN COCOPANDAN 460ML_1C12P,12,0,1,1,0,12122031
280,24-Jul-26,GBG,1483596,48438,TMI,CR07057882608,16,00004000000053111577,0000000156427_1,GARUDA KACANG KULIT 160GR_1C40P,40,0,3,3,0,12072027
281,24-Jul-26,GBG,1483596,48438,TMI,CR07057882608,16,00004000000053111577,0000000156451_1,GARUDA KACANG ATOM 95GR_1C60P,60,0,2,2,0,23022027
282,24-Jul-26,GBG,1483596,48438,TMI,CR07057882608,22,00004000000053111720,0000000157478_1,ABC KECAP MANIS POUCH 62G_1C48P,48,0,2,2,0,12032028
283,24-Jul-26,GBG,1483596,48438,TMI,CR07057882608,01,00004000000053111270,0000000157987_1,HAPPYDENT WHITE BOTOL 56G_1B6P_826979,36,0,1,1,0,12102027
284,24-Jul-26,GBG,1483596,48438,TMI,CR07057882608,27,00004000000053111867,0000000158672_1,SUPERBUBUR SINGLE AYAM 45G_1C40P,40,0,6,6,0,12032027
285,24-Jul-26,GBG,1483596,48438,TMI,CR07057882608,15,00004000000053111256,0000000173182_1,SPRITE ZERO PET 1000 ML_1C12P,12,1,0,12,0,31032027
286,24-Jul-26,GBG,1483596,48438,TMI,CR07057882608,02,00004000000053111294,0000000180594_1,SEGER SNOW SKIN LIGHTENING CREAM 35 GR_1C12P,360,0,1,1,0,01052028
287,24-Jul-26,GBG,1483596,48438,TMI,CR07057882608,07,00004000000053111393,0000000180663_1,LAURIER RELAX NIGHT 8,48,0,4,4,0,08042029
288,24-Jul-26,GBG,1483596,48438,TMI,CR07057882608,10,00004000000053111447,0000000180671_1,LAURIER RELAX NIGHT 12,24,0,1,1,0,17052029
289,24-Jul-26,GBG,1483596,48438,TMI,CR07057882608,33,00004000000053112079,0000000184726_1,FANTA STRAWBERRY PET 1000ML_1C12P,12,1,0,12,0,31012027
290,24-Jul-26,GBG,1483596,48438,TMI,CR07057882608,21,00004000000053111669,0000000193755_1,TANGO WAFER SASSY STRAWBERRY 110G_1C24P,24,0,3,3,0,15122026
291,24-Jul-26,GBG,1483596,48438,TMI,CR07057882608,12,00004000000053111485,0000000194539_1,DAHLIA KAMPER TCB 3S _K313P,1,0,1,1,0,12062031
292,24-Jul-26,GBG,1483596,48438,TMI,CR07057882608,01,00004000000053111270,0000000196038_1,SAMPOERNA KRETEK LEGIT NIRA 12S_1SL10P_YM,1,0,1,1,0,12012027
293,24-Jul-26,GBG,1483596,48438,TMI,CR07057882608,24,00004000000053111775,0000000145890_1,INDOFOOD BUMBU RACIK NASI GORENG_1C100P,100,0,2,2,0,12052027
294,24-Jul-26,GBG,1483596,48438,TMI,CR07057882608,16,00004000000053111577,0000000146546_1,INACO JELLY 5S_1C72P,72,0,6,6,0,12082027
295,24-Jul-26,GBG,1483596,48438,TMI,CR07057882608,24,00004000000053111775,0000000148492_1,LAFONTE SPAGHETTI 450 GR_1C20P,20,0,2,2,0,15062028
296,24-Jul-26,GBG,1483596,48438,TMI,CR07057882608,22,00004000000053111706,0000000149097_1,INDOFOOD SAMBAL EXTRA PEDAS 135ML_1C48P HCO,48,0,1,1,0,24052027
297,24-Jul-26,GBG,1483596,48438,TMI,CR07057882608,24,00004000000053111775,0000000149139_1,INDOFOOD SAUS TOMAT BOTOL135ML_1C48P,48,0,2,2,0,04112027
298,24-Jul-26,GBG,1483596,48438,TMI,CR07057882608,12,00004000000053111485,0000000149208_1,SELSUN SH BLUE FIVE 50ML_Y,72,0,2,2,0,01052029
299,24-Jul-26,GBG,1483596,48438,TMI,CR07057882608,22,00004000000053111706,0000000149970_1,NESCAFE CLASSIC 10X2GR_1C60P,60,0,6,6,0,01062028
300,24-Jul-26,GBG,1483596,48438,TMI,CR07057882608,17,00004000000053111584,0000000150059_1,NESTLE KOKO KRUNCH COMBO 32G_1C48P,48,0,3,3,0,20042028
301,24-Jul-26,GBG,1483596,48438,TMI,CR07057882608,33,00004000000053112055,0000000151086_1,FRESTEA JASMINE 500ML_1C12P,12,0,1,1,0,30042027
302,24-Jul-26,GBG,1483596,48438,TMI,CR07057882608,22,00004000000053111706,0000000151755_1,MASAKO AYAM 100GR_1C48P,48,0,2,2,0,02072027
303,24-Jul-26,GBG,1483596,48438,TMI,CR07057882608,02,00004000000053111294,0000000151989_1,OSKADON 4S_1B50P,2000,0,6,6,0,01022031
304,24-Jul-26,GBG,1483596,48438,TMI,CR07057882608,02,00004000000053111294,0000000154351_1,PANADOL EXTRA 10S_1B10P,216,0,1,1,0,11112028
305,24-Jul-26,GBG,1483596,48438,TMI,CR07057882608,13,00004000000053111515,0000000154771_1,OMG UV BARRIER SUNSCREEN SPF50 25 ML,88,0,1,1,0,08062029
306,24-Jul-26,GBG,1483596,48438,TMI,CR07057882608,02,00004000000053111294,0000000155590_1,VIVA CLEANSING MILK BENGKUANG 100ML _1C36P,36,0,1,1,0,01052029
307,24-Jul-26,GBG,1483596,48438,TMI,CR07057882608,03,00004000000053111317,0000000171470_1,SMOCA SG SENSITIVE CARE SOFT 1S_M91150_1B12P,1728,0,1,1,0,
308,24-Jul-26,GBG,1483596,48438,TMI,CR07057882608,25,00004000000053111799,0000000178832_1,CHOMP CHOMP TWISTER LONGSTIK 50G_1C60P,60,0,1,1,0,28112027
309,24-Jul-26,GBG,1483596,48438,TMI,CR07057882608,09,00004000000053111423,0000000180665_1,LAURIER RELAX NIGHT 16,18,0,2,2,0,08042029
310,24-Jul-26,GBG,1483596,48438,TMI,CR07057882608,22,00004000000053111706,0000000182492_1,INDOFOOD SAMBAL EXTRA PEDAS 275ML_1C24P HCO,24,0,1,1,0,08112027
311,24-Jul-26,GBG,1483596,48438,TMI,CR07057882608,34,00004000000053112086,0000000198533_1,KLIN PAK CLING WRAP REFIL,24,0,1,1,0,
312,24-Jul-26,GBG,1483596,48438,TMI,CR07057882608,22,00004000000053111706,0000000226147_1,TOP KOPI MOKACHINNO 9X22G_1C20P,20,0,1,1,0,12062028
313,24-Jul-26,GBG,1483596,48438,TMI,CR07057882608,30,00004000000053111973,0000000231414_1,AQUVIVA PET 700ML_1C12P,12,1,0,12,0,02012028
314,24-Jul-26,GBG,1483596,48438,TMI,CR07057882608,14,00004000000053111539,0000000233876_1,RINSO LIQ DET ROSE 700ML BANDED_1C6P_64996626,6,0,1,1,0,20072028
315,24-Jul-26,GBG,1483596,48438,TMI,CR07057882608,26,00004000000053111836,0000000248955_1,MIZONE GREEN COCONUT CITRUS COCOBOOST 500ML_1C12P,12,0,1,1,0,11072027
316,24-Jul-26,GBG,1483596,48438,TMI,CR07057882608,26,00004000000053111836,0000000257388_1,KIRANTI LYCHEE 150ML_1C24P,24,0,2,2,0,12062027
317,24-Jul-26,GBG,1483596,48438,TMI,CR07057882608,24,00004000000053111775,0000000146805_1,INDOFOOD SAMBAL PEDAS MANIS 135ML_1C48P HCO,48,0,1,1,0,04122027
318,24-Jul-26,GBG,1483596,48438,TMI,CR07057882608,24,00004000000053111775,0000000146854_1,SAJIKU NASI GORENG AYAM 20G_1C20P,200,0,1,1,0,24062027
319,24-Jul-26,GBG,1483596,48438,TMI,CR07057882608,24,00004000000053111775,0000000146859_1,SAJIKU NASI GORENG PEDAS 20GR_1C20P,200,0,3,3,0,08062027
320,24-Jul-26,GBG,1483596,48438,TMI,CR07057882608,30,00004000000053111973,0000000148529_1,INDOMIE GORENG 85GR_1C40P,40,2,0,80,0,29012027
321,24-Jul-26,GBG,1483596,48438,TMI,CR07057882608,13,00004000000053111515,0000000148885_1,KODOMO SIKAT GIGI 2IN1 ZIGZAG,24,0,1,1,0,12062029
322,24-Jul-26,GBG,1483596,48438,TMI,CR07057882608,30,00004000000053111973,0000000149402_1,RON 88  ELITE 1500ML_1C12P,12,2,0,24,0,30052028
323,24-Jul-26,GBG,1483596,48438,TMI,CR07057882608,02,00004000000053111294,0000000149662_1,NATUR E 100IU 16S,56,0,1,1,0,12052029
324,24-Jul-26,GBG,1483596,48438,TMI,CR07057882608,24,00004000000053111775,0000000150086_1,TONG TJI CELUP JASMINE 25S_1C40P,40,0,2,2,0,06062028
325,24-Jul-26,GBG,1483596,48438,TMI,CR07057882608,41,00004000000053112154,0000000150573_1,GARUDA TING TING 125GR_1C20P,20,0,1,1,0,25052027
326,24-Jul-26,GBG,1483596,48438,TMI,CR07057882608,23,00004000000053111744,0000000151003_1,KOEPOE 2 BAKING POWDER 45 GR_1C12P,72,0,1,1,0,08052028
327,24-Jul-26,GBG,1483596,48438,TMI,CR07057882608,41,00004000000053112154,0000000152678_1,QUAKER INSTANT 200GR_1C36P,36,0,2,2,0,01012028
328,24-Jul-26,GBG,1483596,48438,TMI,CR07057882608,01,00004000000053111270,0000000153467_1,KOALA LA GULA KAPAS BLUBERI 10S_1C60P,60,0,1,1,0,16042028
329,24-Jul-26,GBG,1483596,48438,TMI,CR07057882608,24,00004000000053111775,0000000153941_1,INDOFOOD BUMBU RACIK SPC KARE 45GR_1C24P,144,0,2,2,0,01042028
330,24-Jul-26,GBG,1483596,48438,TMI,CR07057882608,22,00004000000053111706,0000000154100_1,BANGO KECAP MANIS  BIA 275ML_385G_1C24P_20066269,24,0,1,1,0,16062028
331,24-Jul-26,GBG,1483596,48438,TMI,CR07057882608,09,00004000000053111423,0000000157230_1,PASTI HEMAT TRAVEL PACK 70S BANDED_1C64P,64,0,2,2,0,12122029
332,24-Jul-26,GBG,1483596,48438,TMI,CR07057882608,27,00004000000053111867,0000000158476_1,POP MIE TORI KARA RAMEN 70GR_1C12P,12,0,2,2,0,14012027
333,24-Jul-26,GBG,1483596,48438,TMI,CR07057882608,20,00004000000053111645,0000000167203_1,LACTOGEN 2 350 GR BOX_1C24P,24,0,1,1,0,12122027
334,24-Jul-26,GBG,1483596,48438,TMI,CR07057882608,24,00004000000053111775,0000000174594_1,LKK PURE SESAME OIL 115ML_1C12P,12,0,1,1,0,06042028
335,24-Jul-26,GBG,1483596,48438,TMI,CR07057882608,41,00004000000053112154,0000000179979_1,DUAKELINCI SUKRO BBQ 100GR_1C40P,40,0,1,1,0,12072027
336,24-Jul-26,GBG,1483596,48438,TMI,CR07057882608,25,00004000000053111799,0000000180394_1,STREPSILS COOL 20.8G_1C12P,12,0,1,1,0,12032029
337,24-Jul-26,GBG,1483596,48438,TMI,CR07057882608,02,00004000000053111294,0000000182033_1,SUTRA MERAH 3S_YM,576,0,1,1,0,10102030
338,24-Jul-26,GBG,1483596,48438,TMI,CR07057882608,14,00004000000053111539,0000000184550_1,LIFEBUOY BW TOTAL REFF 400ML 1C24 68715253,24,0,1,1,0,22122028
339,24-Jul-26,GBG,1483596,48438,TMI,CR07057882608,15,00004000000053111256,0000000184727_1,COCA COLA PET 1000 ML_1C12P,12,1,0,12,0,31012027
340,24-Jul-26,GBG,1483596,48438,TMI,CR07057882608,01,00004000000053111270,0000000187625_1,MINTZ CHEWY DOUBLEMINT 125GR_1C24P,24,0,1,1,0,12052028
341,24-Jul-26,GBG,1483596,48438,TMI,CR07057882608,01,00004000000053111270,0000000140228_1,FROZZ BLUEBERRY MINT 15G_1B24P_1C6B,144,0,2,2,0,04042028
342,24-Jul-26,GBG,1483596,48438,TMI,CR07057882608,16,00004000000053111577,0000000146598_1,INACO JELLY 25S_1C12P,12,0,2,2,0,12082027
343,24-Jul-26,GBG,1483596,48438,TMI,CR07057882608,01,00004000000053111270,0000000147229_1,CHA CHA MILK CHOCOLATE 35G_1C15P,120,0,2,2,0,11122027
344,24-Jul-26,GBG,1483596,48438,TMI,CR07057882608,30,00004000000053111973,0000000148032_1,INDOMIE AYAM BAWANG 69GR_1C40P,40,2,0,80,0,04022027
345,24-Jul-26,GBG,1483596,48438,TMI,CR07057882608,33,00004000000053112055,0000000149409_1,SOSRO FRUIT TEA XTREME 500ML_1C24P,24,0,2,2,0,11062027
346,24-Jul-26,GBG,1483596,48438,TMI,CR07057882608,24,00004000000053111775,0000000150960_1,KOEPOE 2 OVALET 30 GR_1C12P,72,0,1,1,0,21112028
347,24-Jul-26,GBG,1483596,48438,TMI,CR07057882608,01,00004000000053111270,0000000151446_1,SAMPOERNA A MILD 16 BTG _1B10P,100,0,10,10,0,12012027
348,24-Jul-26,GBG,1483596,48438,TMI,CR07057882608,02,00004000000053111294,0000000151494_1,HEMAVITON ACTION 5S_1B10S,240,0,1,1,0,01012029
349,24-Jul-26,GBG,1483596,48438,TMI,CR07057882608,24,00004000000053111775,0000000151998_1,ABC SAMBAL EXTRA PEDAS 335ML_1C24P,24,0,1,1,0,05052028
350,24-Jul-26,GBG,1483596,48438,TMI,CR07057882608,33,00004000000053112079,0000000153594_1,CAP BADAK BOTOL 200ML_1C48P,48,0,1,1,0,13052031
351,24-Jul-26,GBG,1483596,48438,TMI,CR07057882608,24,00004000000053111775,0000000154020_1,INDOFOOD BUMBU RACIK SPC SOTO AYAM 45GR_1C24P,24,0,1,1,0,08112027
352,24-Jul-26,GBG,1483596,48438,TMI,CR07057882608,18,00004000000053111614,0000000155603_1,JET Z CHOCO FIESTA 40 GR_1C40P,40,0,4,4,0,24122026
353,24-Jul-26,GBG,1483596,48438,TMI,CR07057882608,30,00004000000053111973,0000000155950_1,YOA BOTOL 600 ML_1C24P,24,1,0,24,0,03072028
354,24-Jul-26,GBG,1483596,48438,TMI,CR07057882608,25,00004000000053111799,0000000161102_1,YUPI HP BEAR DAY 45GR_1C72P,72,0,3,3,0,06042028
355,24-Jul-26,GBG,1483596,48438,TMI,CR07057882608,14,00004000000053111539,0000000161839_1,SHINZUI BODYWASH SAKURA R720ML 1C12,12,0,2,2,0,01052029
356,24-Jul-26,GBG,1483596,48438,TMI,CR07057882608,18,00004000000053111614,0000000169860_1,CHITATO LITE AYAM BAWANG 68GR_1C30P,30,0,2,2,0,10032027
357,24-Jul-26,GBG,1483596,48438,TMI,CR07057882608,25,00004000000053111799,0000000182427_1,KINO PIA 100 COKLAT 138G_1C12P,12,0,1,1,0,30052027
358,24-Jul-26,GBG,1483596,48438,TMI,CR07057882608,02,00004000000053111294,0000000182476_1,KAHF RO CLEAN FRESH 45ML,24,0,1,1,0,01062029
359,24-Jul-26,GBG,1483596,48438,TMI,CR07057882608,28,00004000000053111928,0000000184728_1,SPRITE PET 1000 ML_1C12P,12,1,0,12,0,31012027
360,24-Jul-26,GBG,1483596,48438,TMI,CR07057882608,01,00004000000053111270,0000000187593_1,RING POP LOLLIPOPS 10 GR_1B24P,384,0,1,1,0,15062028
361,24-Jul-26,GBG,1483596,48438,TMI,CR07057882608,02,00004000000053111294,0000000198914_1,WARDAH UV SHIELD ACNE CALMING SUNSCREEN SPF35_35ML,24,0,1,1,0,
362,24-Jul-26,GBG,1483596,48438,TMI,CR07057882608,42,00004000000053112178,0000000229645_1,KISPRAY PELICIN KASTURI SUCI REF 280ML_1C24P,24,0,1,1,0,
363,24-Jul-26,GBG,1483596,48438,TMI,CR07057882608,13,00004000000053111515,0000000232186_1,MUSTIKA RATU MINYAK ZAITUN RESTFUL NIGHT75ML1C60_X,128,0,1,1,0,
364,24-Jul-26,GBG,1483596,48438,TMI,CR07057882608,22,00004000000053111706,0000000252038_1,BANGO MANIS RL2 12X380G_YM,12,0,2,2,0,03092027
365,24-Jul-26,GBG,1483596,48438,TMI,CR07057882608,34,00004000000053112086,0000000200125_1,KUDA TERBANG SERBET KAIN 301,12,0,2,2,0,
366,24-Jul-26,GBG,1483596,48438,TMI,CR07057882608,28,00004000000053111904,0000000204008_1,COCO DEE COCONUT WATER 200ML_1C24P,24,0,2,2,0,
367,24-Jul-26,GBG,1483596,48438,TMI,CR07057882608,25,00004000000053111799,0000000226421_1,ROMA SLAI OLAI SELAI STRAWBERRY 128G_1C24P,24,0,4,4,0,12072027
368,24-Jul-26,GBG,1483596,48438,TMI,CR07057882608,01,00004000000053111270,0000000232707_1,CADBURY DAIRY MILK OREO 58.5G_1B32P_1C6B,192,0,2,2,0,25042027
369,24-Jul-26,GBG,1483596,48438,TMI,CR07057882608,03,00004000000053111317,0000000240709_1,SENSODYNE PG CEGAH GIGI BERLUBANG  SENSITIF 40GR_Y,1,0,2,2,0,12032028
370,24-Jul-26,GBG,1483596,48438,TMI,CR07057882608,12,00004000000053111485,0000000257371_1,DORA LEM TIKUS TRAP 1S,36,0,1,1,0,01062029
371,24-Jul-26,GBG,1483596,48438,TMI,CR07057882608,34,00004000000053112086,0000000275554_1,YOA SABUT STAINLESS STEEL_215 2S_1C240P,240,0,1,1,0,08062029
372,24-Jul-26,GBG,1483596,48438,TMI,CR07057882608,26,00004000000053111836,0000000299883_1,FRISIAN FLAG UHT STRAWBERRY 225 ML_1C36P,36,0,4,4,0,12052027
373,24-Jul-26,GBG,1483596,48438,TMI,CR07057882608,01,00004000000053111270,0000000302886_1,LOTTE XYLITOL BLUEBERRY MINT 26.1G_1C6B_1B12P,72,0,2,2,0,09092027
374,24-Jul-26,GBG,1483596,48438,TMI,CR07057882608,22,00004000000053111720,0000000358509_1,ABC SAMBAL EXTRA PEDAS 270ML_1C24P,24,0,1,1,0,26072027
375,24-Jul-26,GBG,1483596,48438,TMI,CR07057882608,12,00004000000053111485,0000000477799_1,ASEPSO BAR SOAP SULPHUR 80 GR,72,0,1,1,0,04042029
376,24-Jul-26,GBG,1483596,48438,TMI,CR07057882608,32,00004000000053112031,0000000677440_1,PUCUK HARUM LESS SUGAR 350ML_1C24P,24,0,12,12,0,07072027
377,24-Jul-26,GBG,1483596,48438,TMI,CR07057882608,13,00004000000053111515,0000000723634_1,NIVEA RO WMN EXTRA BRIGHTENING 50ML,24,0,2,2,0,09092028
378,24-Jul-26,GBG,1483596,48438,TMI,CR07057882608,01,00004000000053111270,0000000727884_1,FISHERMANS FRIEND SUGARFREE BLACKCURRANT 25G,24,0,1,1,0,04032029
379,24-Jul-26,GBG,1483596,48438,TMI,CR07057882608,02,00004000000053111294,0000000733259_1,KOMIX HERBAL ORIGINAL 4X15ML,50,0,1,1,0,30062028
380,24-Jul-26,GBG,1483596,48438,TMI,CR07057882608,25,00004000000053111799,0000000780303_1,TANGO WAFER CHOCO JAVAMOCCA 110G_1C24P,24,0,1,1,0,05062027
381,24-Jul-26,GBG,1483596,48438,TMI,CR07057882608,13,00004000000053111515,0000000848953_1,MARINA NATURAL HBL NUTRI FRESH 350ML,24,0,1,1,0,05112028
382,24-Jul-26,GBG,1483596,48438,TMI,CR07057882608,24,00004000000053111775,0000000869365_1,MAESTRO MAYONAISE PEDAS 100 GR_1C40P,40,0,1,1,0,18112027
383,24-Jul-26,GBG,1483596,48438,TMI,CR07057882608,27,00004000000053111867,0000000902312_1,SUKSESS ISI 2 MIE GORENG AYAM KECAP 129G_1C24P,24,0,4,4,0,12022027
384,24-Jul-26,GBG,1483596,48438,TMI,CR07057882608,37,00004000000053112109,0000000915047_1,YOGYA BAKERY BAGELEN KERING EKONOMIS ORI 120 GRAM,1,0,3,3,0,
385,24-Jul-26,GBG,1483596,48438,TMI,CR07057882608,28,00004000000053111904,0000000974823_1,FANTA ANGGUR 390ML_1C12P,12,0,1,1,0,12122026
386,24-Jul-26,GBG,1483596,48438,TMI,CR07057882608,40,00004000000053112130,0000000992622_1,CIMORY YOGURT DRINK NO ADDED SUGAR BLBERRY 240 C24,24,0,6,6,0,12112026
387,24-Jul-26,GBG,1483596,48438,TMI,CR07057882608,08,00004000000053111416,0000001004519_1,BABY HAPPY PANTS M32 1C4P,4,1,0,4,0,01062029
388,24-Jul-26,GBG,1483596,48438,TMI,CR07057882608,16,00004000000053111577,0000001007055_1,MAMASUKA RUMPUT LAUT SPICY 2X4.5GR_1C40P,40,0,2,2,0,18042027
389,24-Jul-26,GBG,1483596,48438,TMI,CR07057882608,03,00004000000053111317,0000001011002_1,FORMULA SG TRIPLE ACTION BLACK SOFT 3S _1C72P,72,0,1,1,0,12072029
390,24-Jul-26,GBG,1483596,48438,TMI,CR07057882608,24,00004000000053111775,0000001012269_1,SAMARA GULA AREN PREMIUM 500GR_YM,1,0,1,1,0,20062027
391,24-Jul-26,GBG,1483596,48438,TMI,CR07057882608,01,00004000000053111270,0000000484450_1,FITBAR FRUITS 22G_1C6B12P,72,0,3,3,0,12042027
392,24-Jul-26,GBG,1483596,48438,TMI,CR07057882608,24,00004000000053111775,0000000485395_1,MAYUMI SAUS CREAMY SERBAGUNA ORIGINAL 100GR_1C40P,40,0,1,1,0,03042027
393,24-Jul-26,GBG,1483596,48438,TMI,CR07057882608,22,00004000000053111720,0000000552335_1,PASTI HEMAT GULA LOKAL 500G_1C40P,40,0,10,10,0,12052027
394,24-Jul-26,GBG,1483596,48438,TMI,CR07057882608,21,00004000000053111669,0000000642978_1,BRIO POTATO BISCUIT 56G_1C48P,48,0,3,3,0,12072027
395,24-Jul-26,GBG,1483596,48438,TMI,CR07057882608,14,00004000000053111553,0000000644689_1,MAMA LIME PP LIME REF 1500ML,6,0,1,1,0,03072029
396,24-Jul-26,GBG,1483596,48438,TMI,CR07057882608,01,00004000000053111270,0000000652842_1,YOMART LIGHTER_YM,1000,0,5,5,0,01072029
397,24-Jul-26,GBG,1483596,48438,TMI,CR07057882608,21,00004000000053111669,0000000745363_1,SERENA TOGO LONG COKLAT  128G_1C30P,30,0,3,3,0,12062027
398,24-Jul-26,GBG,1483596,48438,TMI,CR07057882608,11,00004000000053111461,0000000767814_1,SO KLIN SOFTERGENT POW DET PINK 1.5KG,6,0,1,1,0,29052028
399,24-Jul-26,GBG,1483596,48438,TMI,CR07057882608,14,00004000000053111553,0000000770156_1,NUVO BW TOTAL PROTECT R400ML 1C12,12,0,1,1,0,11052028
400,24-Jul-26,GBG,1483596,48438,TMI,CR07057882608,12,00004000000053111485,0000000780749_1,REJOICE SH RICH SOFT SMOOTH 6X10ML_1C90P,90,0,6,6,0,08062028
401,24-Jul-26,GBG,1483596,48438,TMI,CR07057882608,02,00004000000053111294,0000000782767_1,REDOXON EFF 10S_1B10P,200,0,1,1,0,28102027
402,24-Jul-26,GBG,1483596,48438,TMI,CR07057882608,25,00004000000053111812,0000000783440_1,SOYJOY ALMOND CHOCOLATE 30G_1B12P,48,0,1,1,0,12042027
403,24-Jul-26,GBG,1483596,48438,TMI,CR07057882608,02,00004000000053111294,0000000823739_1,TOLAK ANGIN CAIR MADU BOX 5X15ML,72,0,1,1,0,04042028
404,24-Jul-26,GBG,1483596,48438,TMI,CR07057882608,01,00004000000053111270,0000000833176_1,MARLBORO FILTER BLACK 20,500,0,10,10,0,12062027
405,24-Jul-26,GBG,1483596,48438,TMI,CR07057882608,30,00004000000053111973,0000000859485_1,SOSRO TEH BOTOL 350 ML_1C12P,12,1,0,12,0,12072027
406,24-Jul-26,GBG,1483596,48438,TMI,CR07057882608,25,00004000000053111799,0000000909791_1,KAPAL API SPECIAL MERAH 350GR_1C9P,9,0,2,2,0,05062027
407,24-Jul-26,GBG,1483596,48438,TMI,CR07057882608,23,00004000000053111744,0000000942546_1,FRISIAN FLAG SWEET DELIGHT UHT 225ML_1C36P,36,0,4,4,0,12072027
408,24-Jul-26,GBG,1483596,48438,TMI,CR07057882608,33,00004000000053112079,0000000944084_1,ULTRA TEH KOTAK LEMON 300ML_1C24P,24,0,2,2,0,28052027
409,24-Jul-26,GBG,1483596,48438,TMI,CR07057882608,23,00004000000053111744,0000000944541_1,ULTRA KARAMEL 200ML_1C24P,24,0,3,3,0,15032027
410,24-Jul-26,GBG,1483596,48438,TMI,CR07057882608,13,00004000000053111515,0000000962976_1,POSH RO WMN WHITENING 50ML,24,0,2,2,0,12062029
411,24-Jul-26,GBG,1483596,48438,TMI,CR07057882608,42,00004000000053112178,0000000973549_1,NUVO BW COOL PROTECT R400_1C12P,12,0,1,1,0,08072028
412,24-Jul-26,GBG,1483596,48438,TMI,CR07057882608,15,00004000000053111256,0000000982494_1,MIZONE ACTIV LYCHEE LEMON 500ML_1C12P,12,0,2,2,0,04072027
413,24-Jul-26,GBG,1483596,48438,TMI,CR07057882608,41,00004000000053112154,0000000991305_1,GERY SALUT CHOCOLATE COCONUT 105G_1C30P,30,0,2,2,0,12032027
414,24-Jul-26,GBG,1483596,48438,TMI,CR07057882608,25,00004000000053111799,0000001006700_1,TANGO WAFER CHOCO TIRAMISU 110G_1C24P,24,0,1,1,0,18122026
415,24-Jul-26,GBG,1483596,48438,TMI,CR07057882608,01,00004000000053111270,0000000259472_1,DJARUM 76 APEL 12_1B10P,8000,0,20,20,0,01042027
416,24-Jul-26,GBG,1483596,48438,TMI,CR07057882608,13,00004000000053111515,0000000291321_1,VEET HR NORMAL SKIN PINK 25 GR,144,0,2,2,0,01032028
417,24-Jul-26,GBG,1483596,48438,TMI,CR07057882608,34,00004000000053112086,0000000415977_1,RJK LILIN MAGIC RELIGHTING 6CM_10P,48,0,2,2,0,
418,24-Jul-26,GBG,1483596,48438,TMI,CR07057882608,42,00004000000053112178,0000000642321_1,MITU BABY WIPES ANTISEPTIC 10S BANDED_1C24P,144,0,1,1,0,01072028
419,24-Jul-26,GBG,1483596,48438,TMI,CR07057882608,18,00004000000053111614,0000000667601_1,NESTLE KOKO KRUNCH 70G_1C24P,24,0,1,1,0,12042027
420,24-Jul-26,GBG,1483596,48438,TMI,CR07057882608,32,00004000000053112031,0000000677764_1,ULTRA TEH KOTAK LESS SUGAR 300 ML_1C24P,24,0,3,3,0,01072027
421,24-Jul-26,GBG,1483596,48438,TMI,CR07057882608,22,00004000000053111706,0000000718484_1,PALMIA ROYAL 200G_1C60P,60,0,1,1,0,12062027
422,24-Jul-26,GBG,1483596,48438,TMI,CR07057882608,17,00004000000053111584,0000000724392_1,OISHI PILLOW UBI 100G_1C20P,20,0,4,4,0,05072027
423,24-Jul-26,GBG,1483596,48438,TMI,CR07057882608,21,00004000000053111683,0000000742467_1,RICHEESE WAFER KEJU 110 G_1C24P,24,0,5,5,0,29052027
424,24-Jul-26,GBG,1483596,48438,TMI,CR07057882608,22,00004000000053111706,0000000746639_1,PROCHIZ GOLD 160G_1C48P,48,0,1,1,0,14042027
425,24-Jul-26,GBG,1483596,48438,TMI,CR07057882608,42,00004000000053112178,0000000774275_1,MAKARIZO SCENTSATIONS MORNING DEW 100ML _1C24P,24,0,1,1,0,01042029
426,24-Jul-26,GBG,1483596,48438,TMI,CR07057882608,13,00004000000053111515,0000000775152_1,BAYFRESH GEL EVERYWHERE MORNING COFFEE 70GR,24,0,2,2,0,04042029
427,24-Jul-26,GBG,1483596,48438,TMI,CR07057882608,17,00004000000053111584,0000000780323_1,PRINGLES ORIGINAL 42 GR_1C12P,12,0,2,2,0,12062027
428,24-Jul-26,GBG,1483596,48438,TMI,CR07057882608,33,00004000000053112079,0000000810685_1,HYDRO COCO 500ML_1C12P,12,0,2,2,0,19062027
429,24-Jul-26,GBG,1483596,48438,TMI,CR07057882608,25,00004000000053111799,0000000828453_1,LUWAK KOPI W GULA 5PLUS 2X23G_1C20P,20,0,1,1,0,01012028
430,24-Jul-26,GBG,1483596,48438,TMI,CR07057882608,17,00004000000053111584,0000000833173_1,POTABEE REGULAR GRILLED SEAWEED 65G_1C30P,30,0,2,2,0,25122026
431,24-Jul-26,GBG,1483596,48438,TMI,CR07057882608,12,00004000000053111485,0000000867140_1,STELLA GEL BATHROOM POCKET GREEN 10GR _1C72P,72,0,1,1,0,05052028
432,24-Jul-26,GBG,1483596,48438,TMI,CR07057882608,14,00004000000053111539,0000000889154_1,GIV BW PERFUME PASSION FLOWER R400ML 1C12,12,0,1,1,0,12052028
433,24-Jul-26,GBG,1483596,48438,TMI,CR07057882608,12,00004000000053111485,0000000896502_1,WARDAH SH HAIR FALL 170ML_1C24P,24,0,1,1,0,01062029
434,24-Jul-26,GBG,1483596,48438,TMI,CR07057882608,02,00004000000053111294,0000000897258_1,WARDAH FW CRYSTAL SECRET AHAWPHA 100ML_1C30,30,0,1,1,0,08042029
435,24-Jul-26,GBG,1483596,48438,TMI,CR07057882608,42,00004000000053112178,0000000905257_1,EKONOMI CREAM UNGU 380GR,12,0,2,2,0,25062028
436,24-Jul-26,GBG,1483596,48438,TMI,CR07057882608,03,00004000000053111317,0000000980887_1,EMINA FF BRIGHT STUFF 50ML _1C50P,50,0,1,1,0,12052029
437,24-Jul-26,GBG,1483596,48438,TMI,CR07057882608,04,00004000000053111331,0000000981252_1,BAYGON AEROSOL FLOWER GARDEN 200ML _1C12P,1,0,1,1,0,04042030
438,24-Jul-26,GBG,1483596,48438,TMI,CR07057882608,41,00004000000053112154,0000001005630_1,NEO COFFEE MOCCACHINO 9X20GR_1C20P,20,0,1,1,0,09032028
439,24-Jul-26,GBG,1483596,48438,TMI,CR07057882608,13,00004000000053111515,0000001008080_1,THAI MINYAK ZAITUN 125ML_YM,48,0,1,1,0,12052029
440,24-Jul-26,GBG,1483596,48438,TMI,CR07057882608,41,00004000000053112154,0000000193756_1,TANGO WAFER MILKY CHOCO 110GR_1C24P,24,0,1,1,0,12062027
441,24-Jul-26,GBG,1483596,48438,TMI,CR07057882608,30,00004000000053111973,0000000227479_1,AQUA 600ML_1C24P,24,1,0,24,0,06052028
442,24-Jul-26,GBG,1483596,48438,TMI,CR07057882608,33,00004000000053112079,0000000229262_1,CAFFINO RTD OAT MARIE LATTE 200ML_1C12P_YM,12,0,1,1,0,10072027
443,24-Jul-26,GBG,1483596,48438,TMI,CR07057882608,18,00004000000053111614,0000000242830_1,CHEETOS RASA JAGUNG BAKAR KEJU 120GR_1C14P,14,0,1,1,0,13022027
444,24-Jul-26,GBG,1483596,48438,TMI,CR07057882608,21,00004000000053111669,0000000244485_1,TANGO WAFER MATCHA 33G_1C4B_1B10P,40,0,6,6,0,09062027
445,24-Jul-26,GBG,1483596,48438,TMI,CR07057882608,11,00004000000053111461,0000000260291_1,RAPIKA PELICIN REF 3X300ML BANDED_1C4P,4,0,2,2,0,12052028
446,24-Jul-26,GBG,1483596,48438,TMI,CR07057882608,25,00004000000053111812,0000000290932_1,YUPI CRUNCHY GUMMY POUCH 50G_1C36P,36,0,3,3,0,01122027
447,24-Jul-26,GBG,1483596,48438,TMI,CR07057882608,02,00004000000053111294,0000000490725_1,PROMAG HERBAL SACHET 10ML_1B6P,432,0,6,6,0,01052028
448,24-Jul-26,GBG,1483596,48438,TMI,CR07057882608,29,00004000000053111942,0000000561941_1,INDOMIE GORENG CABE IJO 85GR_1C40P,40,0,20,20,0,04032027
449,24-Jul-26,GBG,1483596,48438,TMI,CR07057882608,03,00004000000053111317,0000000563937_1,DETTOL WET WIPES ANTI BACTERIAL ORIGINAL 10S_1C40P,40,0,1,1,0,16012028
450,24-Jul-26,GBG,1483596,48438,TMI,CR07057882608,27,00004000000053111867,0000000645493_1,SEDAAP MIE CUP GORENG 81G_1C12P,12,0,6,6,0,16012027
451,24-Jul-26,GBG,1483596,48438,TMI,CR07057882608,33,00004000000053112055,0000000659438_1,CAP KAKI 3 ANAK LYCHEE CAN 238ML_1C24P,24,0,1,1,0,01062029
452,24-Jul-26,GBG,1483596,48438,TMI,CR07057882608,19,00004000000053111621,0000000726702_1,VIDORAN XMART 1W MADU 700G_1C24P,12,0,2,2,0,01082027
453,24-Jul-26,GBG,1483596,48438,TMI,CR07057882608,01,00004000000053111270,0000000733529_1,CAMEL WHITE_1B10P,500,0,4,4,0,10092027
454,24-Jul-26,GBG,1483596,48438,TMI,CR07057882608,12,00004000000053111485,0000000780753_1,PANTENE CD MIRACLES BIOTIN 70ML_1C24PC,24,0,1,1,0,12072029
455,24-Jul-26,GBG,1483596,48438,TMI,CR07057882608,01,00004000000053111270,0000000796799_1,SAMPOERNA AVOLUTION 20S_1B10P,10,0,4,4,0,12062027
456,24-Jul-26,GBG,1483596,48438,TMI,CR07057882608,17,00004000000053111584,0000000808973_1,MAITOS TORTILA BALADO 120GR_1C16P,16,0,1,1,0,10042027
457,24-Jul-26,GBG,1483596,48438,TMI,CR07057882608,26,00004000000053111836,0000000830051_1,FRISIAN FLAG COCONUT DELIGHT UHT 225ML _1C36P,36,0,6,6,0,01042027
458,24-Jul-26,GBG,1483596,48438,TMI,CR07057882608,17,00004000000053111584,0000000833168_1,POTABEE REGULAR BBQ BEEF 65G_1C30P,30,0,1,1,0,26022027
459,24-Jul-26,GBG,1483596,48438,TMI,CR07057882608,03,00004000000053111317,0000000843139_1,SYSTEMA SG SMART CLEAN S 3S,12,0,1,1,0,
460,24-Jul-26,GBG,1483596,48438,TMI,CR07057882608,30,00004000000053111973,0000000873228_1,LE MINERALE 1500ML_1C12P,12,2,0,24,0,01012028
461,24-Jul-26,GBG,1483596,48438,TMI,CR07057882608,28,00004000000053111904,0000000883600_1,FRISIAN FLAG COCONUT UHT 946ML_1C12P,12,0,1,1,0,01032027
462,24-Jul-26,GBG,1483596,48438,TMI,CR07057882608,13,00004000000053111515,0000000887459_1,EMERON HAIR VIT BLACK N SHINE 6S_1C12P,48,0,1,1,0,12052029
463,24-Jul-26,GBG,1483596,48438,TMI,CR07057882608,17,00004000000053111584,0000001007045_1,MAMASUKA RUMPUT LAUT BARBEQUE 2X4.5GR_1C40P,40,0,2,2,0,12052027
464,24-Jul-26,GBG,1483596,48438,TMI,CR07057882608,06,00004000000053111379,0000001015746_1,KODOMO BABY WIPES PINK 50S BANDED_1C24P,24,0,3,3,0,12072029
465,24-Jul-26,GBG,1483596,48438,TMI,CR07057882608,16,00004000000053111577,0000000140816_1,NISSIN SUPER CRACKER 90G_1C30P,30,0,8,8,0,10062027
466,24-Jul-26,GBG,1483596,48438,TMI,CR07057882608,13,00004000000053111515,0000000143765_1,SUMBER AYU S SIRIH FLORL90,36,0,1,1,0,01042029
467,24-Jul-26,GBG,1483596,48438,TMI,CR07057882608,03,00004000000053111317,0000000143967_1,CASABLANCA HOMME BM BLUE AMBITIOUS 100ML_YM,72,0,1,1,0,12052030
468,24-Jul-26,GBG,1483596,48438,TMI,CR07057882608,31,00004000000053111997,0000000146056_1,YOU C1000 LEMON 140ML_1C30P,30,1,0,30,0,12062027
469,24-Jul-26,GBG,1483596,48438,TMI,CR07057882608,15,00004000000053111256,0000000146415_1,ULTRA FULL CREAM 250 ML_1C24P,24,0,12,12,0,18042027
470,24-Jul-26,GBG,1483596,48438,TMI,CR07057882608,32,00004000000053112031,0000000146481_1,CAP BADAK LYCHEE CAN 320ML_1C24P,24,0,1,1,0,19062028
471,24-Jul-26,GBG,1483596,48438,TMI,CR07057882608,25,00004000000053111799,0000000147267_1,SIMBA CUP CHOCO CHIPS COKLAT 34G_1C72P,72,0,5,5,0,12082027
472,24-Jul-26,GBG,1483596,48438,TMI,CR07057882608,02,00004000000053111294,0000000149668_1,VITACIMIN STRIP 2S_1B50P,1000,0,20,20,0,31032029
473,24-Jul-26,GBG,1483596,48438,TMI,CR07057882608,33,00004000000053112055,0000000150928_1,BINTANG ZERO CAN 330ML_1C24P,24,0,6,6,0,09092027
474,24-Jul-26,GBG,1483596,48438,TMI,CR07057882608,24,00004000000053111775,0000000151190_1,SASA BUMBU MASAK 250GR_1C48P,48,0,1,1,0,01062036
475,24-Jul-26,GBG,1483596,48438,TMI,CR07057882608,02,00004000000053111294,0000000151608_1,MBK POWDER PUTIH 13.6GR,600,0,6,6,0,06062033
476,24-Jul-26,GBG,1483596,48438,TMI,CR07057882608,22,00004000000053111706,0000000151734_1,ROYCO KALDU RASA AYAM 220GR_1C24P_62019581,24,0,6,6,0,29062027
477,24-Jul-26,GBG,1483596,48438,TMI,CR07057882608,29,00004000000053111942,0000000153530_1,GAGA 100 EXTRA PEDAS GORENG JALAPENO 85G_1C40P,40,0,5,5,0,16032027
478,24-Jul-26,GBG,1483596,48438,TMI,CR07057882608,02,00004000000053111294,0000000154004_1,VICKS FORMULA 44 DEWASA 54ML,72,0,2,2,0,12072029
479,24-Jul-26,GBG,1483596,48438,TMI,CR07057882608,02,00004000000053111294,0000000167409_1,PONDS FF BRIGHTBEAUTYSERUM 50G_1C24P_68494537,24,0,1,1,0,08062028
480,24-Jul-26,GBG,1483596,48438,TMI,CR07057882608,04,00004000000053111331,0000000172871_1,BOOM POW DET BUNGA 280GR,12,0,3,3,0,07072028
481,24-Jul-26,GBG,1483596,48438,TMI,CR07057882608,24,00004000000053111775,0000000182505_1,LAFONTE SAUS PASTA BOLOGNESE 315G_1C20P,20,0,1,1,0,13042027
482,24-Jul-26,GBG,1483596,48438,TMI,CR07057882608,24,00004000000053111775,0000000210849_1,AJIB SARDEN CAUS CABAI 155 GR_1C24P_YM,24,0,1,1,0,01062029
483,24-Jul-26,GBG,1483596,48438,TMI,CR07057882608,24,00004000000053111775,0000000210854_1,KRIUK HIJAU NORI RASA  AYAM GORENG 4GR_1C60P_YM,1,0,3,3,0,
484,24-Jul-26,GBG,1483596,48438,TMI,CR07057882608,03,00004000000053111317,0000000240714_1,SCORA SHEER GLOW TONE UP CREAM 30G,1,0,1,1,0,01052029
485,24-Jul-26,GBG,1483596,48438,TMI,CR07057882608,02,00004000000053111294,0000000243252_1,LANG MKP ROLL ON 15ML 1C12P,12,0,1,1,0,01042031
486,24-Jul-26,GBG,1483596,48438,TMI,CR07057882608,01,00004000000053111270,0000000254770_1,CAMEL KRETEK 12S_1SL10P_YM,1,0,7,7,0,15052027
487,24-Jul-26,GBG,1483596,48438,TMI,CR07057882608,13,00004000000053111515,0000000262765_1,KISPRAY PELICIN VIOLET REF 280ML _1C24P,24,0,1,1,0,01102027
488,24-Jul-26,GBG,1483596,48438,TMI,CR07057882608,27,00004000000053111867,0000000284069_1,SEDAAP RAMEN YES KUAH HAKATA CHICKEN 88GR_1C40P,40,0,10,10,0,10102026
489,24-Jul-26,GBG,1483596,48438,TMI,CR07057882608,02,00004000000053111294,0000000302456_1,FRESH CARE MINYAK ANGIN CITRUS 10ML_1B12P,144,0,1,1,0,01052029
490,24-Jul-26,GBG,1483596,48438,TMI,CR07057882608,02,00004000000053111294,0000000368811_1,BYE BYE FEVER ANAK 1S_1B10P,480,0,2,2,0,01022029
491,24-Jul-26,GBG,1483596,48438,TMI,CR07057882608,09,00004000000053111423,0000000441388_1,MITU BABY WIPES ANTISEPTIC 45S BANDED_1C24P,24,0,2,2,0,08042028
492,24-Jul-26,GBG,1483596,48438,TMI,CR07057882608,20,00004000000053111645,0000000480304_1,SGM EKSPLOR 1PLUS VANILA 150G_1C48P,48,0,1,1,0,12062028
493,24-Jul-26,GBG,1483596,48438,TMI,CR07057882608,08,00004000000053111416,0000000499156_1,SUNLIGHT PP LIME PCH 1500GR _1C6P_68758102,6,1,0,6,0,08072028
494,24-Jul-26,GBG,1483596,48438,TMI,CR07057882608,22,00004000000053111706,0000000648634_1,TONG TJI CELUP JASMINE NON ENV 25S_1C50P,50,0,5,5,0,01052028
495,24-Jul-26,GBG,1483596,48438,TMI,CR07057882608,28,00004000000053111904,0000000659431_1,CAP KAKI 3 ANAK STRAWBERRY CAN 238ML_1C24P,24,0,3,3,0,01052029
496,24-Jul-26,GBG,1483596,48438,TMI,CR07057882608,31,00004000000053111997,0000000667921_1,BOGASARI SEGITIGA BIRU ECO PACK 1 KG_1C12P,12,1,0,12,0,23112027
497,24-Jul-26,GBG,1483596,48438,TMI,CR07057882608,05,00004000000053111355,0000000699654_1,MAMA LIME PP GREENTEA REF 610GR_1C12P,12,0,2,2,0,11072029
498,24-Jul-26,GBG,1483596,48438,TMI,CR07057882608,24,00004000000053111775,0000000712655_1,PROCHIZ SPREADABLE 160G_1C48P,48,0,1,1,0,30042027
499,24-Jul-26,GBG,1483596,48438,TMI,CR07057882608,21,00004000000053111683,0000000742466_1,RICHOCO WAFER COKLAT 110 G_1C24P,24,0,1,1,0,12052027
500,24-Jul-26,GBG,1483596,48438,TMI,CR07057882608,18,00004000000053111614,0000000766561_1,TIC TIC BAWANG 64G_1C20P,20,0,1,1,0,08032027
501,24-Jul-26,GBG,1483596,48438,TMI,CR07057882608,11,00004000000053111461,0000000896674_1,LIFEBUOY BW LEMON R 825ML 1C12 68884771,12,0,1,1,0,06012029
502,24-Jul-26,GBG,1483596,48438,TMI,CR07057882608,01,00004000000053111270,0000000906927_1,CHUPA CHUPS SOUR BITES 62G_1B8P,64,0,2,2,0,12062027
503,24-Jul-26,GBG,1483596,48438,TMI,CR07057882608,12,00004000000053111485,0000000943901_1,STELLA GEL BATHROOM POCKET BLUE 10GR _1C72P,72,0,1,1,0,12062028
504,24-Jul-26,GBG,1483596,48438,TMI,CR07057882608,18,00004000000053111614,0000000963911_1,CHITATO SAPI PANGGANG 115 GR_1C18P,18,0,3,3,0,03032027
505,24-Jul-26,GBG,1483596,48438,TMI,CR07057882608,06,00004000000053111379,0000000966754_1,CHARM EXT COMF COOLING FRESH 23CM W16S _1C24PS,24,0,1,1,0,20062029
506,24-Jul-26,GBG,1483596,48438,TMI,CR07057882608,26,00004000000053111836,0000000998652_1,FRISIAN FLAG UHT OMEGA PLAIN 110ML_1C36P,36,0,2,2,0,01122026
507,24-Jul-26,GBG,1483596,48438,TMI,CR07057882608,40,00004000000053112130,0000001002199_1,KANZLER SINGLES CHESEE 60GR 1S C120,120,0,12,12,0,18122026
508,24-Jul-26,GBG,1483596,48438,TMI,CR07057882608,12,00004000000053111485,0000001009053_1,ANTIS SPRAY JAMINE TEA 55ML,144,0,2,2,0,12032029
509,24-Jul-26,GBG,1483596,48438,TMI,CR07057882608,03,00004000000053111317,0000001012451_1,POSH HIJAB BODY SPRAY PURPLE WISH 150ML _1C12P,12,0,2,2,0,12042029
510,24-Jul-26,GBG,1483596,48438,TMI,CR07057882608,23,00004000000053111744,0000001026304_1,CIMORY UHT FULL CREAM 250 ML_1C24P,24,0,1,1,0,28032027
511,24-Jul-26,GBG,1483596,48438,TMI,CR07057882608,03,00004000000053111317,0000000887460_1,EMERON HAIR VIT SOFT N SMOOTH 6S_1C12P,48,0,1,1,0,27062029
512,24-Jul-26,GBG,1483596,48438,TMI,CR07057882608,22,00004000000053111706,0000000921146_1,SASA SANTAN CAIR 65 ML_1C32P,32,0,8,8,0,27082027
513,24-Jul-26,GBG,1483596,48438,TMI,CR07057882608,01,00004000000053111270,0000000921224_1,BENG BENG SHARE IT POUCH 10X8G_1C16P,16,0,1,1,0,01052027
514,24-Jul-26,GBG,1483596,48438,TMI,CR07057882608,13,00004000000053111515,0000000949642_1,MARINA UV WHT HBL E COLLAGEN ASTA 185ML,48,0,1,1,0,01012029
515,24-Jul-26,GBG,1483596,48438,TMI,CR07057882608,19,00004000000053111621,0000000964351_1,PROMINA PUFF STRWBERRY APPLE 15G_1C24P,24,0,1,1,0,26122026
516,24-Jul-26,GBG,1483596,48438,TMI,CR07057882608,42,00004000000053112178,0000000967943_1,HIT ELECTRIC LIQUID GK EXPRESS REFILL FRESH 35ML,144,0,1,1,0,04042029
517,24-Jul-26,GBG,1483596,48438,TMI,CR07057882608,02,00004000000053111294,0000000968326_1,DERMA ANGEL ACNE PATCH NIGHT 6S,1,0,1,1,0,01102030
518,24-Jul-26,GBG,1483596,48438,TMI,CR07057882608,06,00004000000053111379,0000001000887_1,MAMY POKO TIDAK GEMBUNG M30 1C6P,6,0,1,1,0,01062029
519,24-Jul-26,GBG,1483596,48438,TMI,CR07057882608,29,00004000000053111942,0000001007987_1,GAGA 100 EXTRAPEDASGORENG JALAPENOCUP75G_1C24P_XXX,24,0,3,3,0,12032027
520,24-Jul-26,GBG,1483596,48438,TMI,CR07057882608,15,00004000000053111256,0000001017656_1,ICHITAN THAI MILK GREEN TEA 300 ML_1C24P,24,0,3,3,0,16042027
521,24-Jul-26,GBG,1483596,48438,TMI,CR07057882608,01,00004000000053111270,0000000254771_1,CAMEL OPTION PURPLE 16_YM,1,0,2,2,0,19062027
522,24-Jul-26,GBG,1483596,48438,TMI,CR07057882608,25,00004000000053111799,0000000273459_1,SERENA BRONIZ CHOCO CHIPS 75G_1C30P,30,0,2,2,0,13052027
523,24-Jul-26,GBG,1483596,48438,TMI,CR07057882608,41,00004000000053112154,0000000279045_1,PASTI HEMAT KACANG HIJAU YULEK 250GR M_1C12P,12,0,1,1,0,05072027
524,24-Jul-26,GBG,1483596,48438,TMI,CR07057882608,24,00004000000053111775,0000000281353_1,PUDDING RASA MANGGA 130GR_1C36P,36,0,1,1,0,12052028
525,24-Jul-26,GBG,1483596,48438,TMI,CR07057882608,29,00004000000053111942,0000000284072_1,SEDAAP RAMEN YES GORENG TOKYO CHICKEN 84GR_1C40P,40,0,5,5,0,26102026
526,24-Jul-26,GBG,1483596,48438,TMI,CR07057882608,34,00004000000053112086,0000000290550_1,KENMASTER STEKER L 009 SNI,1,0,1,1,0,
527,24-Jul-26,GBG,1483596,48438,TMI,CR07057882608,19,00004000000053111621,0000000375977_1,BEBELOVE 0_6 350G BOX_1C24P,24,0,1,1,0,14092027
528,24-Jul-26,GBG,1483596,48438,TMI,CR07057882608,21,00004000000053111669,0000000413082_1,ROMA SARI GANDUM 240G_1C20P,20,0,1,1,0,01062027
529,24-Jul-26,GBG,1483596,48438,TMI,CR07057882608,21,00004000000053111669,0000000651622_1,MONDE BUTTER COOKIES 90G_1C24P,24,0,3,3,0,16052027
530,24-Jul-26,GBG,1483596,48438,TMI,CR07057882608,10,00004000000053111447,0000000672480_1,CHARM SAFE NIGHT 35CM 12S _1C24P,24,0,3,3,0,13052029
531,24-Jul-26,GBG,1483596,48438,TMI,CR07057882608,09,00004000000053111423,0000000736250_1,PASTI HEMAT FACIAL COTTTON EXCLUSIVE 100GR _1C48,48,0,6,6,0,13072031
532,24-Jul-26,GBG,1483596,48438,TMI,CR07057882608,24,00004000000053111775,0000000744902_1,GLICO PEJOY BELGIAN CHOCO 30G_1C60P,60,0,1,1,0,20072027
533,24-Jul-26,GBG,1483596,48438,TMI,CR07057882608,30,00004000000053111973,0000000749276_1,LE MINERALE 600ML_1C24P,24,2,0,48,0,01012028
534,24-Jul-26,GBG,1483596,48438,TMI,CR07057882608,33,00004000000053112055,0000000753909_1,HEMAVITON C1000 ORANGE CAN 330ML_1C24P,24,0,3,3,0,08082027
535,24-Jul-26,GBG,1483596,48438,TMI,CR07057882608,03,00004000000053111317,0000000776901_1,REXONA MEN RO INV DRY 45ML_1C24P_68732611,24,0,1,1,0,08062028
536,24-Jul-26,GBG,1483596,48438,TMI,CR07057882608,01,00004000000053111270,0000000779761_1,MILKITA ASSORTED MILK CANDY 120G_1C20P,20,0,2,2,0,01092027
537,24-Jul-26,GBG,1483596,48438,TMI,CR07057882608,34,00004000000053112086,0000000784842_1,ME_O CAT FOOD TUNA POUCH 80GR_1C48P,48,0,1,1,0,25032028
538,24-Jul-26,GBG,1483596,48438,TMI,CR07057882608,28,00004000000053111904,0000000798685_1,SPRITE 390 ML_1C12P,12,0,4,4,0,31012027
539,24-Jul-26,GBG,1483596,48438,TMI,CR07057882608,28,00004000000053111904,0000000820991_1,FRISIAN FLAG KENTAL MANIS POUCH COKLT545G_1C24P,24,0,1,1,0,01032027
540,24-Jul-26,GBG,1483596,48438,TMI,CR07057882608,21,00004000000053111683,0000000882600_1,PROMINA PUFFS BLUEBERRY 15G,24,0,3,3,0,10122026
541,24-Jul-26,GBG,1483596,48438,TMI,CR07057882608,14,00004000000053111539,0000000883716_1,SO KLIN LIQ DET SOFTERGENT REF 1.6LT,6,0,2,2,0,15072028
542,24-Jul-26,GBG,1483596,48438,TMI,CR07057882608,32,00004000000053112017,0000000934457_1,ICHITAN THAI MILK TEA 300ML_1C24P,24,0,6,6,0,28052027
543,24-Jul-26,GBG,1483596,48438,TMI,CR07057882608,13,00004000000053111515,0000000943288_1,GILLETTE VENUS SIMPLY3 ISI 2S,144,0,1,1,0,08042029
544,24-Jul-26,GBG,1483596,48438,TMI,CR07057882608,02,00004000000053111294,0000000972136_1,PLOSSA PANASIN RED HOT 10ML_1B12P,72,0,1,1,0,01032028
545,24-Jul-26,GBG,1483596,48438,TMI,CR07057882608,01,00004000000053111270,0000001010809_1,MILO SEREAL BAR COKELAT 23.5G_1C12B16P,192,0,1,1,0,12062027
546,24-Jul-26,GBG,1483596,48438,TMI,CR07057882608,01,00004000000053111270,0000000330690_1,SILVER QUEEN ROCKR 22G_1C24P,1,0,1,1,0,23082027
547,24-Jul-26,GBG,1483596,48438,TMI,CR07057882608,03,00004000000053111317,0000000382847_1,PEPSODENT SG DOUBLE CARE SENS S3S_1C24P_21182196,24,0,1,1,0,08012029
548,24-Jul-26,GBG,1483596,48438,TMI,CR07057882608,31,00004000000053111997,0000000412164_1,PUCUK HARUM TEA JASMINE 500 ML_1C12P,12,1,0,12,0,07072027
549,24-Jul-26,GBG,1483596,48438,TMI,CR07057882608,12,00004000000053111485,0000000490194_1,VAPE ONE PUSH LEMON 10ML 30 HARI _1C12P,12,0,1,1,0,06062029
550,24-Jul-26,GBG,1483596,48438,TMI,CR07057882608,42,00004000000053112178,0000000490958_1,SOFTEX DAUN SIRIH WING 23CM 10S 1C48,48,0,1,1,0,15062029
551,24-Jul-26,GBG,1483596,48438,TMI,CR07057882608,33,00004000000053112079,0000000662758_1,PERFECT ALKALINE WATER 500ML _1C24P,24,0,4,4,0,18042028
552,24-Jul-26,GBG,1483596,48438,TMI,CR07057882608,18,00004000000053111614,0000000675427_1,MAMASUKA RUMPUT LAUT PANGGANG 2X5G_1C40P,40,0,5,5,0,12062027
553,24-Jul-26,GBG,1483596,48438,TMI,CR07057882608,21,00004000000053111669,0000000678577_1,NYAM NYAM BUBBLE PUFF STRAWBERRY 18G_1C12B12P,144,0,2,2,0,12052027
554,24-Jul-26,GBG,1483596,48438,TMI,CR07057882608,29,00004000000053111942,0000000709031_1,SEDAAP MIE CUP MI KUAH RASA KARI SPC 85G_1C12P,12,0,5,5,0,19012027
555,24-Jul-26,GBG,1483596,48438,TMI,CR07057882608,13,00004000000053111515,0000000730706_1,FORMULA SG SILVER PROTCTR RIPPLE PACK SOFT _1C72P,72,0,2,2,0,12062029
556,24-Jul-26,GBG,1483596,48438,TMI,CR07057882608,21,00004000000053111683,0000000740318_1,REBO KWACI MILK 120G_1C48P,48,0,1,1,0,10092027
557,24-Jul-26,GBG,1483596,48438,TMI,CR07057882608,02,00004000000053111294,0000000775246_1,LANG EUCALYPTUS AROMATHERAPY LAVENDER 60ML_1B12P,144,0,1,1,0,08052030
558,24-Jul-26,GBG,1483596,48438,TMI,CR07057882608,13,00004000000053111515,0000000797993_1,MAKARIZO SH ROYAL JELLY 170ML_1C12P,12,0,1,1,0,01062029
559,24-Jul-26,GBG,1483596,48438,TMI,CR07057882608,06,00004000000053111379,0000000807023_1,SOFTEX DAUN SIRIH 3 IN 1 16S _1C24P,24,0,3,3,0,03062029
560,24-Jul-26,GBG,1483596,48438,TMI,CR07057882608,16,00004000000053111577,0000000808967_1,MAITOS TORTILA JAGUNG BBQ 120G_1C16P,16,0,2,2,0,03052027
561,24-Jul-26,GBG,1483596,48438,TMI,CR07057882608,15,00004000000053111256,0000000857510_1,FRESTEA MARKISA 350 ML_1C12P,12,0,1,1,0,28032027
562,24-Jul-26,GBG,1483596,48438,TMI,CR07057882608,12,00004000000053111485,0000000867142_1,STELLA GEL BATHROOM POCKET PURPLE 10GR _1C72P,576,0,2,2,0,01012028
563,24-Jul-26,GBG,1483596,48438,TMI,CR07057882608,18,00004000000053111614,0000000896011_1,OISHI SPONGE CRUNCH STRAWBERRY 100 GR_1C20P,20,0,2,2,0,21062027
564,24-Jul-26,GBG,1483596,48438,TMI,CR07057882608,02,00004000000053111294,0000000968327_1,DERMA ANGEL ACNE PATCH DAY 6S,1,0,2,2,0,27022031
565,24-Jul-26,GBG,1483596,48438,TMI,CR07057882608,25,00004000000053111799,0000000997512_1,HAPPYDENT COOL WHITE ASSORTED 25.2GR_1B12P,96,0,4,4,0,12122027
566,24-Jul-26,GBG,1483596,48438,TMI,CR07057882608,29,00004000000053111942,0000001012606_1,SEDAAP MIE CUP GRG KOREAN SPICY CHICKEN 81G_1C12P,12,0,6,6,0,25022027
567,24-Jul-26,GBG,1483596,48438,TMI,CR07057882608,16,00004000000053111577,0000001020346_1,CHIKI BALLS CHEEKY CHICKEN 55GR_1C30P,30,0,1,1,0,12122026

